CREATE TABLE ort (
    	plz int,
	name varchar(20) not null,
	bu_land varchar(25) not null,
    	primary key(plz)
);

CREATE TABLE person (
    	pers_nr int,
	plz int,
	anrede varchar(5),
	vorname varchar(30),
    	nachname varchar(30) not null,
	strasse varchar(30) not null,
    	hausnummer int not null,
	primary key(pers_nr)
 );

CREATE TABLE mitarbeiter (
    	pers_nr int,
	arbeitszeit int default 100,
	status varchar(10),
    	foreign key (pers_nr)
	 references person (pers_nr)
	primary key(pers_nr)
 );

CREATE TABLE kunde (
   	pers_nr int,
	bonitaet int default 2, 
    	betreuer int
	 references mitarbeiter(pers_nr),
    	foreign key(pers_nr)
     	 references person(pers_nr)
 );

CREATE TABLE konto (
    	pers_nr int,
	kto_nr int,
	saldo real,
	kredit_limit real,
    	primary key (pers_nr, kto_nr),
    	foreign key (pers_nr)
	 references person (pers_nr)
 );

CREATE TABLE einzahlung (
    	pers_nr int,
	kto_nr int,
	betrag real not null,
   	datum date default current_date,
    	foreign key (pers_nr, kto_nr)
	 references konto (pers_nr, kto_nr)
 );

CREATE TABLE auszahlung (
    	pers_nr int,
	kto_nr int,
	betrag real not null,
    	datum date default current_date,
    	foreign key (pers_nr, kto_nr)
	 references konto (pers_nr, kto_nr)
 );

CREATE TABLE ueberweisung (
    	ID integer primary key autoincrement,
    	gebucht int(1) not null default '0',
    	von_pers_nr int,
	von_kto_nr int,
	an_pers_nr int, 
    	an_kto_nr int,
	verwendungszweck varchar(27),
    	betrag real not null,
	datum date default current_date,
    	foreign key (von_pers_nr, von_kto_nr)
     	 references konto (pers_nr, kto_nr),
    	foreign key (an_pers_nr, an_kto_nr)
     	 references konto (pers_nr, kto_nr)
 );

INSERT INTO ort (plz, name, bu_land) VALUES (34117, 'Kassel', 'Hessen');
INSERT INTO ort (plz, name, bu_land) VALUES (34134, 'Kassel', 'Hessen');
INSERT INTO ort (plz, name, bu_land) VALUES (34266, 'Niestetal', 'Hessen');
INSERT INTO ort (plz, name, bu_land) VALUES (34298, 'Helsa', 'Hessen');
INSERT INTO ort (plz, name, bu_land) VALUES (34323, 'Malsfeld', 'Hessen');
INSERT INTO ort (plz, name, bu_land) VALUES (34379, 'Calden', 'Hessen');
INSERT INTO ort (plz, name, bu_land) VALUES (34474, 'Diemelstadt', 'Hessen');
INSERT INTO ort (plz, name, bu_land) VALUES (34549, 'Edertal', 'Hessen');
INSERT INTO ort (plz, name, bu_land) VALUES (34621, 'Frielendorf', 'Hessen');
INSERT INTO ort (plz, name, bu_land) VALUES (35041, 'Marburg', 'Hessen');
INSERT INTO ort (plz, name, bu_land) VALUES (35094, 'Lahntal', 'Hessen');
INSERT INTO ort (plz, name, bu_land) VALUES (35116, 'Hatzfeld', 'Hessen');
INSERT INTO ort (plz, name, bu_land) VALUES (35282, 'Rauschenberg', 'Hessen');
INSERT INTO ort (plz, name, bu_land) VALUES (35390, 'Giessen', 'Hessen');
INSERT INTO ort (plz, name, bu_land) VALUES (35428, 'Langgoens', 'Hessen');
INSERT INTO ort (plz, name, bu_land) VALUES (35469, 'Allendorf', 'Hessen');
INSERT INTO ort (plz, name, bu_land) VALUES (35582, 'Wetzlar', 'Hessen');
INSERT INTO ort (plz, name, bu_land) VALUES (35633, 'Lahnau', 'Hessen');
INSERT INTO ort (plz, name, bu_land) VALUES (35687, 'Dillenburg', 'Hessen');
INSERT INTO ort (plz, name, bu_land) VALUES (35756, 'Mittenaar', 'Hessen');
INSERT INTO ort (plz, name, bu_land) VALUES (35799, 'Merenberg', 'Hessen');
INSERT INTO ort (plz, name, bu_land) VALUES (36100, 'Petersberg', 'Hessen');
INSERT INTO ort (plz, name, bu_land) VALUES (36137, 'Grossenlueder', 'Hessen');
INSERT INTO ort (plz, name, bu_land) VALUES (36166, 'Haunetal', 'Hessen');
INSERT INTO ort (plz, name, bu_land) VALUES (36217, 'Ronshausen', 'Hessen');
INSERT INTO ort (plz, name, bu_land) VALUES (36280, 'Oberaula', 'Hessen');
INSERT INTO ort (plz, name, bu_land) VALUES (36323, 'Grebenau', 'Hessen');
INSERT INTO ort (plz, name, bu_land) VALUES (36369, 'Lautertal', 'Hessen');
INSERT INTO ort (plz, name, bu_land) VALUES (37217, 'Witzenhausen', 'Hessen');
INSERT INTO ort (plz, name, bu_land) VALUES (37284, 'Waldkappel', 'Hessen');
INSERT INTO ort (plz, name, bu_land) VALUES (38464, 'Gross-Umstadt', 'Hessen');
INSERT INTO ort (plz, name, bu_land) VALUES (60313, 'Frankfurt', 'Hessen');
INSERT INTO ort (plz, name, bu_land) VALUES (60329, 'Frankfurt', 'Hessen');
INSERT INTO ort (plz, name, bu_land) VALUES (60486, 'Frankfurt', 'Hessen');
INSERT INTO ort (plz, name, bu_land) VALUES (60599, 'Frankfurt', 'Hessen');
INSERT INTO ort (plz, name, bu_land) VALUES (61194, 'Niddatal', 'Hessen');
INSERT INTO ort (plz, name, bu_land) VALUES (61273, 'Wehrheim', 'Hessen');
INSERT INTO ort (plz, name, bu_land) VALUES (61462, 'Koenigstein', 'Hessen');
INSERT INTO ort (plz, name, bu_land) VALUES (63128, 'Dietzenbach', 'Hessen');
INSERT INTO ort (plz, name, bu_land) VALUES (63329, 'Egelsbach', 'Hessen');
INSERT INTO ort (plz, name, bu_land) VALUES (63512, 'Hainburg', 'Hessen');
INSERT INTO ort (plz, name, bu_land) VALUES (63584, 'Gruendau', 'Hessen');
INSERT INTO ort (plz, name, bu_land) VALUES (63639, 'Floersbachtal', 'Hessen');
INSERT INTO ort (plz, name, bu_land) VALUES (63697, 'Hirzenhain', 'Hessen');
INSERT INTO ort (plz, name, bu_land) VALUES (64319, 'Pfungstadt', 'Hessen');
INSERT INTO ort (plz, name, bu_land) VALUES (64390, 'Erzhausen', 'Hessen');
INSERT INTO ort (plz, name, bu_land) VALUES (64546, 'Moerfelden-Walldorf', 'Hessen');
INSERT INTO ort (plz, name, bu_land) VALUES (64646, 'Moerlenbach', 'Hessen');
INSERT INTO ort (plz, name, bu_land) VALUES (64711, 'Erbach', 'Hessen');
INSERT INTO ort (plz, name, bu_land) VALUES (64756, 'Mossautal', 'Hessen');
INSERT INTO ort (plz, name, bu_land) VALUES (64859, 'Eppertshausen', 'Hessen');
INSERT INTO ort (plz, name, bu_land) VALUES (65201, 'Wiesbaden', 'Hessen');
INSERT INTO ort (plz, name, bu_land) VALUES (65329, 'Hohenstein', 'Hessen');
INSERT INTO ort (plz, name, bu_land) VALUES (65391, 'Lorch', 'Hessen');
INSERT INTO ort (plz, name, bu_land) VALUES (65474, 'Bischofsheim', 'Hessen');
INSERT INTO ort (plz, name, bu_land) VALUES (65552, 'Limburg', 'Hessen');
INSERT INTO ort (plz, name, bu_land) VALUES (65604, 'Elz', 'Hessen');
INSERT INTO ort (plz, name, bu_land) VALUES (65779, 'Kelkheim', 'Hessen');
INSERT INTO ort (plz, name, bu_land) VALUES (65929, 'Frankfurt', 'Hessen');
INSERT INTO ort (plz, name, bu_land) VALUES (69239, 'Neckarsteinach', 'Hessen');
INSERT INTO ort (plz, name, bu_land) VALUES (31675, 'Bueckeburg', 'Nordrhein-Westfalen');
INSERT INTO ort (plz, name, bu_land) VALUES (32130, 'Enger', 'Nordrhein-Westfalen');
INSERT INTO ort (plz, name, bu_land) VALUES (32339, 'Espelkamp', 'Nordrhein-Westfalen');
INSERT INTO ort (plz, name, bu_land) VALUES (32469, 'Bueckeburg', 'Nordrhein-Westfalen');
INSERT INTO ort (plz, name, bu_land) VALUES (32676, 'Luegde', 'Nordrhein-Westfalen');
INSERT INTO ort (plz, name, bu_land) VALUES (32816, 'Schieder', 'Nordrhein-Westfalen');
INSERT INTO ort (plz, name, bu_land) VALUES (33104, 'Paderborn', 'Nordrhein-Westfalen');
INSERT INTO ort (plz, name, bu_land) VALUES (33184, 'Altenbeken', 'Nordrhein-Westfalen');
INSERT INTO ort (plz, name, bu_land) VALUES (33428, 'Marienfeld', 'Nordrhein-Westfalen');
INSERT INTO ort (plz, name, bu_land) VALUES (33615, 'Bielefeld', 'Nordrhein-Westfalen');
INSERT INTO ort (plz, name, bu_land) VALUES (33739, 'Bielefeld', 'Nordrhein-Westfalen');
INSERT INTO ort (plz, name, bu_land) VALUES (34431, 'Marsberg', 'Nordrhein-Westfalen');
INSERT INTO ort (plz, name, bu_land) VALUES (37691, 'Derental', 'Nordrhein-Westfalen');
INSERT INTO ort (plz, name, bu_land) VALUES (40219, 'Duesseldorf', 'Nordrhein-Westfalen');
INSERT INTO ort (plz, name, bu_land) VALUES (40239, 'Duesseldorf', 'Nordrhein-Westfalen');
INSERT INTO ort (plz, name, bu_land) VALUES (40545, 'Duesseldorf', 'Nordrhein-Westfalen');
INSERT INTO ort (plz, name, bu_land) VALUES (40627, 'Duesseldorf', 'Nordrhein-Westfalen');
INSERT INTO ort (plz, name, bu_land) VALUES (40764, 'Duesseldorf', 'Nordrhein-Westfalen');
INSERT INTO ort (plz, name, bu_land) VALUES (40885, 'Ratingen', 'Nordrhein-Westfalen');
INSERT INTO ort (plz, name, bu_land) VALUES (41199, 'Moenchengladbach', 'Nordrhein-Westfalen');
INSERT INTO ort (plz, name, bu_land) VALUES (41363, 'Juechen', 'Nordrhein-Westfalen');
INSERT INTO ort (plz, name, bu_land) VALUES (41468, 'Neuss', 'Nordrhein-Westfalen');
INSERT INTO ort (plz, name, bu_land) VALUES (41541, 'Dormagen', 'Nordrhein-Westfalen');
INSERT INTO ort (plz, name, bu_land) VALUES (41836, 'Hueckelhoven', 'Nordrhein-Westfalen');
INSERT INTO ort (plz, name, bu_land) VALUES (42117, 'Wuppertal', 'Nordrhein-Westfalen');
INSERT INTO ort (plz, name, bu_land) VALUES (42327, 'Wuppertal', 'Nordrhein-Westfalen');
INSERT INTO ort (plz, name, bu_land) VALUES (42489, 'Wuppertal', 'Nordrhein-Westfalen');
INSERT INTO ort (plz, name, bu_land) VALUES (42657, 'Solingen', 'Nordrhein-Westfalen');
INSERT INTO ort (plz, name, bu_land) VALUES (42857, 'Remscheid', 'Nordrhein-Westfalen');
INSERT INTO ort (plz, name, bu_land) VALUES (44145, 'Dortmund', 'Nordrhein-Westfalen');
INSERT INTO ort (plz, name, bu_land) VALUES (44287, 'Dortmund', 'Nordrhein-Westfalen');
INSERT INTO ort (plz, name, bu_land) VALUES (44379, 'Dortmund', 'Nordrhein-Westfalen');
INSERT INTO ort (plz, name, bu_land) VALUES (44625, 'Herne', 'Nordrhein-Westfalen');
INSERT INTO ort (plz, name, bu_land) VALUES (44791, 'Bochum', 'Nordrhein-Westfalen');
INSERT INTO ort (plz, name, bu_land) VALUES (44866, 'Bochum', 'Nordrhein-Westfalen');
INSERT INTO ort (plz, name, bu_land) VALUES (45133, 'Essen', 'Nordrhein-Westfalen');
INSERT INTO ort (plz, name, bu_land) VALUES (45149, 'Essen', 'Nordrhein-Westfalen');
INSERT INTO ort (plz, name, bu_land) VALUES (45309, 'Essen', 'Nordrhein-Westfalen');
INSERT INTO ort (plz, name, bu_land) VALUES (45472, 'Muelheim', 'Nordrhein-Westfalen');
INSERT INTO ort (plz, name, bu_land) VALUES (45529, 'Hattingen', 'Nordrhein-Westfalen');
INSERT INTO ort (plz, name, bu_land) VALUES (45721, 'Haltern', 'Nordrhein-Westfalen');
INSERT INTO ort (plz, name, bu_land) VALUES (45886, 'Gelsenkirchen', 'Nordrhein-Westfalen');
INSERT INTO ort (plz, name, bu_land) VALUES (45966, 'Gladbeck', 'Nordrhein-Westfalen');
INSERT INTO ort (plz, name, bu_land) VALUES (46149, 'Oberhausen', 'Nordrhein-Westfalen');
INSERT INTO ort (plz, name, bu_land) VALUES (46342, 'Velen', 'Nordrhein-Westfalen');
INSERT INTO ort (plz, name, bu_land) VALUES (46459, 'Isselburg', 'Nordrhein-Westfalen');
INSERT INTO ort (plz, name, bu_land) VALUES (46537, 'Dinslaken', 'Nordrhein-Westfalen');
INSERT INTO ort (plz, name, bu_land) VALUES (47119, 'Duisburg', 'Nordrhein-Westfalen');
INSERT INTO ort (plz, name, bu_land) VALUES (47199, 'Duisburg', 'Nordrhein-Westfalen');
INSERT INTO ort (plz, name, bu_land) VALUES (47443, 'Moers', 'Nordrhein-Westfalen');
INSERT INTO ort (plz, name, bu_land) VALUES (47551, 'Bedburg-Hau', 'Nordrhein-Westfalen');
INSERT INTO ort (plz, name, bu_land) VALUES (47638, 'Straelen', 'Nordrhein-Westfalen');
INSERT INTO ort (plz, name, bu_land) VALUES (47803, 'Krefeld', 'Nordrhein-Westfalen');
INSERT INTO ort (plz, name, bu_land) VALUES (47918, 'Toenisvorst', 'Nordrhein-Westfalen');
INSERT INTO ort (plz, name, bu_land) VALUES (48159, 'Muenster', 'Nordrhein-Westfalen');
INSERT INTO ort (plz, name, bu_land) VALUES (48291, 'Telgte', 'Nordrhein-Westfalen');
INSERT INTO ort (plz, name, bu_land) VALUES (48356, 'Nordwalde', 'Nordrhein-Westfalen');
INSERT INTO ort (plz, name, bu_land) VALUES (48496, 'Hopsten', 'Nordrhein-Westfalen');
INSERT INTO ort (plz, name, bu_land) VALUES (48691, 'Vreden', 'Nordrhein-Westfalen');
INSERT INTO ort (plz, name, bu_land) VALUES (49080, 'Osnabrueck', 'Nordrhein-Westfalen');
INSERT INTO ort (plz, name, bu_land) VALUES (49328, 'Melle', 'Nordrhein-Westfalen');
INSERT INTO ort (plz, name, bu_land) VALUES (49525, 'Lengerich', 'Nordrhein-Westfalen');
INSERT INTO ort (plz, name, bu_land) VALUES (50171, 'Kerpen', 'Nordrhein-Westfalen');
INSERT INTO ort (plz, name, bu_land) VALUES (50668, 'Koeln', 'Nordrhein-Westfalen');
INSERT INTO ort (plz, name, bu_land) VALUES (50737, 'Koeln', 'Nordrhein-Westfalen');
INSERT INTO ort (plz, name, bu_land) VALUES (50859, 'Koeln', 'Nordrhein-Westfalen');
INSERT INTO ort (plz, name, bu_land) VALUES (50999, 'Koeln', 'Nordrhein-Westfalen');
INSERT INTO ort (plz, name, bu_land) VALUES (51143, 'Koeln', 'Nordrhein-Westfalen');
INSERT INTO ort (plz, name, bu_land) VALUES (51399, 'Burscheid', 'Nordrhein-Westfalen');
INSERT INTO ort (plz, name, bu_land) VALUES (51515, 'Kuerten', 'Nordrhein-Westfalen');
INSERT INTO ort (plz, name, bu_land) VALUES (51645, 'Gummersbach', 'Nordrhein-Westfalen');
INSERT INTO ort (plz, name, bu_land) VALUES (52064, 'Aachen', 'Nordrhein-Westfalen');
INSERT INTO ort (plz, name, bu_land) VALUES (52146, 'Wuerselen', 'Nordrhein-Westfalen');
INSERT INTO ort (plz, name, bu_land) VALUES (52353, 'Dueren', 'Nordrhein-Westfalen');
INSERT INTO ort (plz, name, bu_land) VALUES (52388, 'Noervenich', 'Nordrhein-Westfalen');
INSERT INTO ort (plz, name, bu_land) VALUES (52477, 'Alsdorf', 'Nordrhein-Westfalen');
INSERT INTO ort (plz, name, bu_land) VALUES (53113, 'Bonn', 'Nordrhein-Westfalen');
INSERT INTO ort (plz, name, bu_land) VALUES (53175, 'Bonn', 'Nordrhein-Westfalen');
INSERT INTO ort (plz, name, bu_land) VALUES (53343, 'Bonn', 'Nordrhein-Westfalen');
INSERT INTO ort (plz, name, bu_land) VALUES (53604, 'Koenigswinter', 'Nordrhein-Westfalen');
INSERT INTO ort (plz, name, bu_land) VALUES (53804, 'Much', 'Nordrhein-Westfalen');
INSERT INTO ort (plz, name, bu_land) VALUES (53894, 'Mechernich', 'Nordrhein-Westfalen');
INSERT INTO ort (plz, name, bu_land) VALUES (53949, 'Dahlem', 'Nordrhein-Westfalen');
INSERT INTO ort (plz, name, bu_land) VALUES (57076, 'Siegen', 'Nordrhein-Westfalen');
INSERT INTO ort (plz, name, bu_land) VALUES (57258, 'Harbach', 'Nordrhein-Westfalen');
INSERT INTO ort (plz, name, bu_land) VALUES (57368, 'Lennestadt', 'Nordrhein-Westfalen');
INSERT INTO ort (plz, name, bu_land) VALUES (57548, 'Diedenberg', 'Nordrhein-Westfalen');
INSERT INTO ort (plz, name, bu_land) VALUES (58099, 'Hagen', 'Nordrhein-Westfalen');
INSERT INTO ort (plz, name, bu_land) VALUES (58313, 'Herdecke', 'Nordrhein-Westfalen');
INSERT INTO ort (plz, name, bu_land) VALUES (58507, 'Luedenscheid', 'Nordrhein-Westfalen');

INSERT INTO person (pers_nr, plz, anrede, vorname, nachname, strasse, hausnummer) VALUES (10001, 51645, 'Herr', 'Roger', 'Andrzejewski', 'Feldstr.', 2);
INSERT INTO person (pers_nr, plz, anrede, vorname, nachname, strasse, hausnummer) VALUES (10002, 65329, 'Herr', 'Karlheinz', 'Haberkamp', 'Kolpingstr.', 90);
INSERT INTO person (pers_nr, plz, anrede, vorname, nachname, strasse, hausnummer) VALUES (10003, 46537, 'Herr', 'Manuel', 'Haberkamp', 'Bahnhofstr.', 69);
INSERT INTO person (pers_nr, plz, anrede, vorname, nachname, strasse, hausnummer) VALUES (10004, 45966, 'Frau', 'Magdalene', 'Wingen', 'Schlosserstr.', 44);
INSERT INTO person (pers_nr, plz, anrede, vorname, nachname, strasse, hausnummer) VALUES (10005, 52388, 'Herr', 'Diethart', 'Andrzejewski', 'Marburger Str.', 5);
INSERT INTO person (pers_nr, plz, anrede, vorname, nachname, strasse, hausnummer) VALUES (10006, 64390, 'Frau', 'Marlies', 'Blenkle', 'Caecilienstr.', 84);
INSERT INTO person (pers_nr, plz, anrede, vorname, nachname, strasse, hausnummer) VALUES (10007, 65201, 'Herr', 'Knut-Peter', 'Judt', 'Sangstr.', 38);
INSERT INTO person (pers_nr, plz, anrede, vorname, nachname, strasse, hausnummer) VALUES (10008, 32339, 'Herr', 'Detlef', 'Latsch', 'Heckenbachweg', 72);
INSERT INTO person (pers_nr, plz, anrede, vorname, nachname, strasse, hausnummer) VALUES (10009, 53343, 'Herr', 'Waldemar', 'Caluwe', 'Struthstr.', 10);
INSERT INTO person (pers_nr, plz, anrede, vorname, nachname, strasse, hausnummer) VALUES (10010, 37217, 'Frau', 'Frieda', 'Judt', 'Feldstr.', 65);
INSERT INTO person (pers_nr, plz, anrede, vorname, nachname, strasse, hausnummer) VALUES (10011, 48691, 'Herr', 'Giuseppe', 'Wallmen', 'Hoehstr.', 38);
INSERT INTO person (pers_nr, plz, anrede, vorname, nachname, strasse, hausnummer) VALUES (10012, 45966, 'Herr', 'Frank-Dietrich', 'Rink', 'Nordstr.', 96);
INSERT INTO person (pers_nr, plz, anrede, vorname, nachname, strasse, hausnummer) VALUES (10013, 47638, 'Herr', 'Heiner', 'Latsch', 'Ackerstr.', 38);
INSERT INTO person (pers_nr, plz, anrede, vorname, nachname, strasse, hausnummer) VALUES (10014, 61462, 'Herr', 'Waldemar', 'Porta', 'Sangstr.', 3);
INSERT INTO person (pers_nr, plz, anrede, vorname, nachname, strasse, hausnummer) VALUES (10015, 33615, 'Herr', 'Karlheinz', 'Martikke', 'Friedhofstr.', 64);
INSERT INTO person (pers_nr, plz, anrede, vorname, nachname, strasse, hausnummer) VALUES (10016, 41468, 'Herr', 'Roger', 'Wingen', 'Friedhofstr.', 14);
INSERT INTO person (pers_nr, plz, anrede, vorname, nachname, strasse, hausnummer) VALUES (10017, 48496, 'Herr', 'Leo', 'Judt', 'Feldstr.', 55);
INSERT INTO person (pers_nr, plz, anrede, vorname, nachname, strasse, hausnummer) VALUES (10018, 57076, 'Frau', 'Magdalene', 'Drey', 'Werkstr.', 12);
INSERT INTO person (pers_nr, plz, anrede, vorname, nachname, strasse, hausnummer) VALUES (10019, 53804, 'Frau', 'Frieda', 'Schilling', 'Werkstr.', 40);
INSERT INTO person (pers_nr, plz, anrede, vorname, nachname, strasse, hausnummer) VALUES (10020, 50668, 'Herr', 'Christof', 'Blenkle', 'Bahnhofstr.', 54);
INSERT INTO person (pers_nr, plz, anrede, vorname, nachname, strasse, hausnummer) VALUES (10021, 37691, 'Frau', 'Loni', 'Drey', 'Urbanstr.', 2);
INSERT INTO person (pers_nr, plz, anrede, vorname, nachname, strasse, hausnummer) VALUES (10022, 49080, 'Herr', 'Roland', 'Beier', 'Heckenbachweg', 79);
INSERT INTO person (pers_nr, plz, anrede, vorname, nachname, strasse, hausnummer) VALUES (10023, 36323, 'Frau', 'Ines', 'Haberkamp', 'Nordstr.', 74);
INSERT INTO person (pers_nr, plz, anrede, vorname, nachname, strasse, hausnummer) VALUES (10024, 47551, 'Herr', 'Juergen', 'Rink', 'Hoehstr.', 86);
INSERT INTO person (pers_nr, plz, anrede, vorname, nachname, strasse, hausnummer) VALUES (10025, 32339, 'Herr', 'Roland', 'Schulte', 'Werkstr.', 44);
INSERT INTO person (pers_nr, plz, anrede, vorname, nachname, strasse, hausnummer) VALUES (10026, 32816, 'Herr', 'Manuel', 'Andrzejewski', 'Caecilienstr.', 78);
INSERT INTO person (pers_nr, plz, anrede, vorname, nachname, strasse, hausnummer) VALUES (10027, 36369, 'Frau', 'Loni', 'Drey', 'Eickhoffstr.', 11);
INSERT INTO person (pers_nr, plz, anrede, vorname, nachname, strasse, hausnummer) VALUES (10028, 45133, 'Herr', 'Teo', 'Schulte', 'Kolpingstr.', 6);
INSERT INTO person (pers_nr, plz, anrede, vorname, nachname, strasse, hausnummer) VALUES (10029, 65604, 'Frau', 'Ines', 'Mudersbach', 'Urbanstr.', 11);
INSERT INTO person (pers_nr, plz, anrede, vorname, nachname, strasse, hausnummer) VALUES (10030, 53343, 'Herr', 'Dietrich', 'Beier', 'Eickhoffstr.', 22);
INSERT INTO person (pers_nr, plz, anrede, vorname, nachname, strasse, hausnummer) VALUES (10031, 53113, 'Herr', 'Juergen', 'Judt', 'Heckenbachweg', 9);
INSERT INTO person (pers_nr, plz, anrede, vorname, nachname, strasse, hausnummer) VALUES (10032, 32816, 'Herr', 'Knut-Peter', 'Blenkle', 'Nordstr.', 55);
INSERT INTO person (pers_nr, plz, anrede, vorname, nachname, strasse, hausnummer) VALUES (10033, 42657, 'Herr', 'Hans-Walter', 'Schilling', 'Sangstr.', 66);
INSERT INTO person (pers_nr, plz, anrede, vorname, nachname, strasse, hausnummer) VALUES (10034, 50859, 'Herr', 'Karlheinz', 'Korp', 'Marburger Str.', 34);
INSERT INTO person (pers_nr, plz, anrede, vorname, nachname, strasse, hausnummer) VALUES (10035, 64319, 'Frau', 'Magdalene', 'Caluwe', 'Ackerstr.', 83);
INSERT INTO person (pers_nr, plz, anrede, vorname, nachname, strasse, hausnummer) VALUES (10036, 40545, 'Frau', 'Olga', 'Schilling', 'Bodelschwinghstr.', 21);
INSERT INTO person (pers_nr, plz, anrede, vorname, nachname, strasse, hausnummer) VALUES (10037, 51143, 'Herr', 'Helge-Dieter', 'Drey', 'Im Struethchen', 90);
INSERT INTO person (pers_nr, plz, anrede, vorname, nachname, strasse, hausnummer) VALUES (10038, 34621, 'Herr', 'Leo', 'Gebhardt', 'Struthstr.', 5);
INSERT INTO person (pers_nr, plz, anrede, vorname, nachname, strasse, hausnummer) VALUES (10039, 34134, 'Frau', 'Anna-Elisabeth', 'Judt', 'Ackerstr.', 52);
INSERT INTO person (pers_nr, plz, anrede, vorname, nachname, strasse, hausnummer) VALUES (10040, 50737, 'Frau', 'Michaela', 'Judt', 'Nordstr.', 23);
INSERT INTO person (pers_nr, plz, anrede, vorname, nachname, strasse, hausnummer) VALUES (10041, 46149, 'Herr', 'Dietrich', 'Noeh', 'Sonnenweg', 43);
INSERT INTO person (pers_nr, plz, anrede, vorname, nachname, strasse, hausnummer) VALUES (10042, 44791, 'Frau', 'Ines', 'Blenkle', 'Eickhoffstr.', 35);
INSERT INTO person (pers_nr, plz, anrede, vorname, nachname, strasse, hausnummer) VALUES (10043, 35687, 'Frau', 'Michaela', 'Gebhardt', 'Marburger Str.', 11);
INSERT INTO person (pers_nr, plz, anrede, vorname, nachname, strasse, hausnummer) VALUES (10044, 50171, 'Herr', 'Roger', 'Porta', 'Urbanstr.', 77);
INSERT INTO person (pers_nr, plz, anrede, vorname, nachname, strasse, hausnummer) VALUES (10045, 60486, 'Herr', 'Joh.-Guenter', 'Wingen', 'Friedhofstr.', 4);
INSERT INTO person (pers_nr, plz, anrede, vorname, nachname, strasse, hausnummer) VALUES (10046, 57548, 'Herr', 'Bjoern', 'Martikke', 'Im Struethchen', 5);
INSERT INTO person (pers_nr, plz, anrede, vorname, nachname, strasse, hausnummer) VALUES (10047, 34117, 'Herr', 'Haribert', 'Beier', 'Urbanstr.', 60);
INSERT INTO person (pers_nr, plz, anrede, vorname, nachname, strasse, hausnummer) VALUES (10048, 52146, 'Frau', 'Marta', 'Blenkle', 'Struthstr.', 55);
INSERT INTO person (pers_nr, plz, anrede, vorname, nachname, strasse, hausnummer) VALUES (10049, 36217, 'Herr', 'Leo', 'Schulte', 'Friedhofstr.', 46);
INSERT INTO person (pers_nr, plz, anrede, vorname, nachname, strasse, hausnummer) VALUES (10050, 52477, 'Frau', 'Katrin', 'Rink', 'Sonnenweg', 82);
INSERT INTO person (pers_nr, plz, anrede, vorname, nachname, strasse, hausnummer) VALUES (10051, 64646, 'Herr', 'Alex', 'Caluwe', 'Nordstr.', 82);
INSERT INTO person (pers_nr, plz, anrede, vorname, nachname, strasse, hausnummer) VALUES (10052, 34431, 'Frau', 'Heide', 'Caluwe', 'Struthstr.', 23);
INSERT INTO person (pers_nr, plz, anrede, vorname, nachname, strasse, hausnummer) VALUES (10053, 42857, 'Frau', 'Angela', 'Schulte', 'Heckenbachweg', 23);
INSERT INTO person (pers_nr, plz, anrede, vorname, nachname, strasse, hausnummer) VALUES (10054, 57258, 'Herr', 'Marc', 'Wallmen', 'Bahnhofstr.', 74);
INSERT INTO person (pers_nr, plz, anrede, vorname, nachname, strasse, hausnummer) VALUES (10055, 47199, 'Frau', 'Anna-Elisabeth', 'Porta', 'Eickhoffstr.', 2);
INSERT INTO person (pers_nr, plz, anrede, vorname, nachname, strasse, hausnummer) VALUES (10056, 47918, 'Herr', 'Frank-Dietrich', 'Blenkle', 'Marburger Str.', 9);
INSERT INTO person (pers_nr, plz, anrede, vorname, nachname, strasse, hausnummer) VALUES (10057, 57258, 'Herr', 'Teo', 'Noeh', 'Marburger Str.', 9);
INSERT INTO person (pers_nr, plz, anrede, vorname, nachname, strasse, hausnummer) VALUES (10058, 64646, 'Herr', 'Hans-Walter', 'Noeh', 'Schlosserstr.', 67);
INSERT INTO person (pers_nr, plz, anrede, vorname, nachname, strasse, hausnummer) VALUES (10059, 34379, 'Herr', 'Hans-Walter', 'Wingen', 'Schlosserstr.', 88);
INSERT INTO person (pers_nr, plz, anrede, vorname, nachname, strasse, hausnummer) VALUES (10060, 53949, 'Herr', 'Antonio', 'Martikke', 'Bodelschwinghstr.', 11);
INSERT INTO person (pers_nr, plz, anrede, vorname, nachname, strasse, hausnummer) VALUES (10061, 35390, 'Frau', 'Anke', 'Porta', 'Caecilienstr.', 51);
INSERT INTO person (pers_nr, plz, anrede, vorname, nachname, strasse, hausnummer) VALUES (10062, 35041, 'Herr', 'Haribert', 'Latsch', 'Feldstr.', 43);
INSERT INTO person (pers_nr, plz, anrede, vorname, nachname, strasse, hausnummer) VALUES (10063, 53113, 'Herr', 'Juergen', 'Andrzejewski', 'Sonnenweg', 26);
INSERT INTO person (pers_nr, plz, anrede, vorname, nachname, strasse, hausnummer) VALUES (10064, 32130, 'Frau', 'Olga', 'Martikke', 'Struthstr.', 21);
INSERT INTO person (pers_nr, plz, anrede, vorname, nachname, strasse, hausnummer) VALUES (10065, 32816, 'Frau', 'Frieda', 'Schulte', 'Struthstr.', 43);
INSERT INTO person (pers_nr, plz, anrede, vorname, nachname, strasse, hausnummer) VALUES (10066, 44791, 'Herr', 'Antonio', 'Beier', 'Sonnenweg', 40);
INSERT INTO person (pers_nr, plz, anrede, vorname, nachname, strasse, hausnummer) VALUES (10067, 52477, 'Herr', 'Waldemar', 'Soehngen', 'Heckenbachweg', 73);
INSERT INTO person (pers_nr, plz, anrede, vorname, nachname, strasse, hausnummer) VALUES (10068, 32339, 'Frau', 'Marta', 'Schilling', 'Nordstr.', 33);
INSERT INTO person (pers_nr, plz, anrede, vorname, nachname, strasse, hausnummer) VALUES (10069, 33428, 'Frau', 'Michaela', 'Wingen', 'Grubenweg', 19);
INSERT INTO person (pers_nr, plz, anrede, vorname, nachname, strasse, hausnummer) VALUES (10070, 45529, 'Herr', 'Giuseppe', 'Andrzejewski', 'Caecilienstr.', 54);
INSERT INTO person (pers_nr, plz, anrede, vorname, nachname, strasse, hausnummer) VALUES (10071, 34474, 'Herr', 'Diethart', 'Wallmen', 'Marburger Str.', 8);
INSERT INTO person (pers_nr, plz, anrede, vorname, nachname, strasse, hausnummer) VALUES (10072, 64319, 'Frau', 'Katrin', 'Rink', 'Grubenweg', 52);
INSERT INTO person (pers_nr, plz, anrede, vorname, nachname, strasse, hausnummer) VALUES (10073, 49328, 'Frau', 'Marlies', 'Korp', 'Feldstr.', 11);
INSERT INTO person (pers_nr, plz, anrede, vorname, nachname, strasse, hausnummer) VALUES (10074, 41199, 'Herr', 'Roland', 'Latsch', 'Werkstr.', 37);
INSERT INTO person (pers_nr, plz, anrede, vorname, nachname, strasse, hausnummer) VALUES (10075, 57368, 'Frau', 'Angela', 'Korp', 'Kolpingstr.', 22);
INSERT INTO person (pers_nr, plz, anrede, vorname, nachname, strasse, hausnummer) VALUES (10076, 41836, 'Frau', 'Frieda', 'Korp', 'Ackerstr.', 48);
INSERT INTO person (pers_nr, plz, anrede, vorname, nachname, strasse, hausnummer) VALUES (10077, 35633, 'Frau', 'Katrin', 'Judt', 'Sonnenweg', 71);
INSERT INTO person (pers_nr, plz, anrede, vorname, nachname, strasse, hausnummer) VALUES (10078, 45133, 'Herr', 'Antonio', 'Judt', 'Eickhoffstr.', 17);
INSERT INTO person (pers_nr, plz, anrede, vorname, nachname, strasse, hausnummer) VALUES (10079, 46537, 'Herr', 'Otto', 'Schilling', 'Urbanstr.', 13);
INSERT INTO person (pers_nr, plz, anrede, vorname, nachname, strasse, hausnummer) VALUES (10080, 41199, 'Herr', 'Joh.-Guenter', 'Korp', 'Marburger Str.', 93);
INSERT INTO person (pers_nr, plz, anrede, vorname, nachname, strasse, hausnummer) VALUES (10081, 64859, 'Herr', 'Giuseppe', 'Gebhardt', 'Caecilienstr.', 22);
INSERT INTO person (pers_nr, plz, anrede, vorname, nachname, strasse, hausnummer) VALUES (10082, 52353, 'Herr', 'Bjoern', 'Caluwe', 'Werkstr.', 27);
INSERT INTO person (pers_nr, plz, anrede, vorname, nachname, strasse, hausnummer) VALUES (10083, 32469, 'Herr', 'Karl-Eberhard', 'Porta', 'Werkstr.', 87);
INSERT INTO person (pers_nr, plz, anrede, vorname, nachname, strasse, hausnummer) VALUES (10084, 36323, 'Frau', 'Ines', 'Wingen', 'Kolpingstr.', 34);
INSERT INTO person (pers_nr, plz, anrede, vorname, nachname, strasse, hausnummer) VALUES (10085, 50999, 'Frau', 'Ruth', 'Schilling', 'Bodelschwinghstr.', 24);
INSERT INTO person (pers_nr, plz, anrede, vorname, nachname, strasse, hausnummer) VALUES (10086, 40885, 'Herr', 'Giuseppe', 'Drey', 'Bahnhofstr.', 87);
INSERT INTO person (pers_nr, plz, anrede, vorname, nachname, strasse, hausnummer) VALUES (10087, 38464, 'Frau', 'Eva', 'Gebhardt', 'Urbanstr.', 57);
INSERT INTO person (pers_nr, plz, anrede, vorname, nachname, strasse, hausnummer) VALUES (10088, 45472, 'Herr', 'Karlheinz', 'Blenkle', 'Sangstr.', 26);
INSERT INTO person (pers_nr, plz, anrede, vorname, nachname, strasse, hausnummer) VALUES (10089, 65552, 'Frau', 'Katrin', 'Mudersbach', 'Feldstr.', 49);
INSERT INTO person (pers_nr, plz, anrede, vorname, nachname, strasse, hausnummer) VALUES (10090, 51645, 'Herr', 'Karl-Eberhard', 'Caluwe', 'Schlosserstr.', 97);
INSERT INTO person (pers_nr, plz, anrede, vorname, nachname, strasse, hausnummer) VALUES (10091, 60329, 'Herr', 'Juergen', 'Noeh', 'Sangstr.', 11);
INSERT INTO person (pers_nr, plz, anrede, vorname, nachname, strasse, hausnummer) VALUES (10092, 38464, 'Frau', 'Marta', 'Schulte', 'Eickhoffstr.', 69);
INSERT INTO person (pers_nr, plz, anrede, vorname, nachname, strasse, hausnummer) VALUES (10093, 32816, 'Herr', 'Otto', 'Latsch', 'Feldstr.', 10);
INSERT INTO person (pers_nr, plz, anrede, vorname, nachname, strasse, hausnummer) VALUES (10094, 37217, 'Herr', 'Andre', 'Noeh', 'Bodelschwinghstr.', 9);
INSERT INTO person (pers_nr, plz, anrede, vorname, nachname, strasse, hausnummer) VALUES (10095, 44791, 'Herr', 'Sepp', 'Drey', 'Marburger Str.', 43);
INSERT INTO person (pers_nr, plz, anrede, vorname, nachname, strasse, hausnummer) VALUES (10096, 49080, 'Herr', 'Antonio', 'Mudersbach', 'Sonnenweg', 40);
INSERT INTO person (pers_nr, plz, anrede, vorname, nachname, strasse, hausnummer) VALUES (10097, 37284, 'Herr', 'Detlef', 'Andrzejewski', 'Schlosserstr.', 95);
INSERT INTO person (pers_nr, plz, anrede, vorname, nachname, strasse, hausnummer) VALUES (10098, 35116, 'Herr', 'Teo', 'Martikke', 'Schlosserstr.', 45);
INSERT INTO person (pers_nr, plz, anrede, vorname, nachname, strasse, hausnummer) VALUES (10099, 58313, 'Herr', 'Juergen', 'Wallmen', 'Marburger Str.', 7);
INSERT INTO person (pers_nr, plz, anrede, vorname, nachname, strasse, hausnummer) VALUES (10100, 44379, 'Herr', 'Hans-Guenter', 'Wallmen', 'Nordstr.', 53);

INSERT INTO mitarbeiter (pers_nr, arbeitszeit, status) VALUES (10057, 30, 'Manager');
INSERT INTO mitarbeiter (pers_nr, arbeitszeit, status) VALUES (10096, 30, 'Betreuer');
INSERT INTO mitarbeiter (pers_nr, arbeitszeit, status) VALUES (10060, 30, 'Betreuer');
INSERT INTO mitarbeiter (pers_nr, arbeitszeit, status) VALUES (10036, 30, 'Azubi');
INSERT INTO mitarbeiter (pers_nr, arbeitszeit, status) VALUES (10084, 40, 'Kassierer');
INSERT INTO mitarbeiter (pers_nr, arbeitszeit, status) VALUES (10046, 40, 'Manager');
INSERT INTO mitarbeiter (pers_nr, arbeitszeit, status) VALUES (10094, 19, 'Azubi');
INSERT INTO mitarbeiter (pers_nr, arbeitszeit, status) VALUES (10090, 40, 'Manager');
INSERT INTO mitarbeiter (pers_nr, arbeitszeit, status) VALUES (10044, 40, 'Betreuer');

INSERT INTO kunde (pers_nr, bonitaet, betreuer) VALUES (10001, 4, 10084);
INSERT INTO kunde (pers_nr, bonitaet, betreuer) VALUES (10002, 1, 10044);
INSERT INTO kunde (pers_nr, bonitaet, betreuer) VALUES (10003, 4, 10060);
INSERT INTO kunde (pers_nr, bonitaet, betreuer) VALUES (10004, 3, 10094);
INSERT INTO kunde (pers_nr, bonitaet, betreuer) VALUES (10005, 1, 10036);
INSERT INTO kunde (pers_nr, bonitaet, betreuer) VALUES (10006, 3, 10090);
INSERT INTO kunde (pers_nr, bonitaet, betreuer) VALUES (10007, 1, 10096);
INSERT INTO kunde (pers_nr, bonitaet, betreuer) VALUES (10008, 4, 10036);
INSERT INTO kunde (pers_nr, bonitaet, betreuer) VALUES (10009, 1, 10096);
INSERT INTO kunde (pers_nr, bonitaet, betreuer) VALUES (10010, 3, 10057);
INSERT INTO kunde (pers_nr, bonitaet, betreuer) VALUES (10011, 1, 10046);
INSERT INTO kunde (pers_nr, bonitaet, betreuer) VALUES (10012, 3, 10094);
INSERT INTO kunde (pers_nr, bonitaet, betreuer) VALUES (10013, 2, 10046);
INSERT INTO kunde (pers_nr, bonitaet, betreuer) VALUES (10014, 4, 10044);
INSERT INTO kunde (pers_nr, bonitaet, betreuer) VALUES (10015, 4, 10084);
INSERT INTO kunde (pers_nr, bonitaet, betreuer) VALUES (10016, 4, 10096);
INSERT INTO kunde (pers_nr, bonitaet, betreuer) VALUES (10017, 4, 10036);
INSERT INTO kunde (pers_nr, bonitaet, betreuer) VALUES (10018, 4, 10044);
INSERT INTO kunde (pers_nr, bonitaet, betreuer) VALUES (10019, 3, 10094);
INSERT INTO kunde (pers_nr, bonitaet, betreuer) VALUES (10020, 1, 10060);
INSERT INTO kunde (pers_nr, bonitaet, betreuer) VALUES (10021, 1, 10044);
INSERT INTO kunde (pers_nr, bonitaet, betreuer) VALUES (10022, 4, 10057);
INSERT INTO kunde (pers_nr, bonitaet, betreuer) VALUES (10023, 2, 10046);
INSERT INTO kunde (pers_nr, bonitaet, betreuer) VALUES (10024, 4, 10084);
INSERT INTO kunde (pers_nr, bonitaet, betreuer) VALUES (10025, 2, 10036);
INSERT INTO kunde (pers_nr, bonitaet, betreuer) VALUES (10026, 1, 10046);
INSERT INTO kunde (pers_nr, bonitaet, betreuer) VALUES (10027, 4, 10044);
INSERT INTO kunde (pers_nr, bonitaet, betreuer) VALUES (10028, 4, 10090);
INSERT INTO kunde (pers_nr, bonitaet, betreuer) VALUES (10029, 3, 10094);
INSERT INTO kunde (pers_nr, bonitaet, betreuer) VALUES (10030, 1, 10046);
INSERT INTO kunde (pers_nr, bonitaet, betreuer) VALUES (10031, 1, 10046);
INSERT INTO kunde (pers_nr, bonitaet, betreuer) VALUES (10032, 4, 10084);
INSERT INTO kunde (pers_nr, bonitaet, betreuer) VALUES (10033, 4, 10060);
INSERT INTO kunde (pers_nr, bonitaet, betreuer) VALUES (10034, 3, 10046);
INSERT INTO kunde (pers_nr, bonitaet, betreuer) VALUES (10035, 2, 10044);
INSERT INTO kunde (pers_nr, bonitaet, betreuer) VALUES (10036, 1, 10060);
INSERT INTO kunde (pers_nr, bonitaet, betreuer) VALUES (10037, 3, 10096);
INSERT INTO kunde (pers_nr, bonitaet, betreuer) VALUES (10038, 2, 10044);
INSERT INTO kunde (pers_nr, bonitaet, betreuer) VALUES (10039, 4, 10036);
INSERT INTO kunde (pers_nr, bonitaet, betreuer) VALUES (10040, 1, 10036);
INSERT INTO kunde (pers_nr, bonitaet, betreuer) VALUES (10041, 3, 10044);
INSERT INTO kunde (pers_nr, bonitaet, betreuer) VALUES (10042, 3, 10046);
INSERT INTO kunde (pers_nr, bonitaet, betreuer) VALUES (10043, 1, 10036);
INSERT INTO kunde (pers_nr, bonitaet, betreuer) VALUES (10044, 4, 10036);
INSERT INTO kunde (pers_nr, bonitaet, betreuer) VALUES (10045, 2, 10094);
INSERT INTO kunde (pers_nr, bonitaet, betreuer) VALUES (10046, 4, 10084);
INSERT INTO kunde (pers_nr, bonitaet, betreuer) VALUES (10047, 1, 10060);
INSERT INTO kunde (pers_nr, bonitaet, betreuer) VALUES (10048, 4, 10036);
INSERT INTO kunde (pers_nr, bonitaet, betreuer) VALUES (10049, 4, 10090);
INSERT INTO kunde (pers_nr, bonitaet, betreuer) VALUES (10050, 4, 10060);
INSERT INTO kunde (pers_nr, bonitaet, betreuer) VALUES (10051, 3, 10090);
INSERT INTO kunde (pers_nr, bonitaet, betreuer) VALUES (10052, 4, 10060);
INSERT INTO kunde (pers_nr, bonitaet, betreuer) VALUES (10053, 3, 10094);
INSERT INTO kunde (pers_nr, bonitaet, betreuer) VALUES (10054, 3, 10084);
INSERT INTO kunde (pers_nr, bonitaet, betreuer) VALUES (10055, 2, 10090);
INSERT INTO kunde (pers_nr, bonitaet, betreuer) VALUES (10056, 4, 10060);
INSERT INTO kunde (pers_nr, bonitaet, betreuer) VALUES (10057, 4, 10090);
INSERT INTO kunde (pers_nr, bonitaet, betreuer) VALUES (10058, 3, 10096);
INSERT INTO kunde (pers_nr, bonitaet, betreuer) VALUES (10059, 1, 10057);
INSERT INTO kunde (pers_nr, bonitaet, betreuer) VALUES (10060, 2, 10090);
INSERT INTO kunde (pers_nr, bonitaet, betreuer) VALUES (10061, 1, 10044);
INSERT INTO kunde (pers_nr, bonitaet, betreuer) VALUES (10062, 4, 10094);
INSERT INTO kunde (pers_nr, bonitaet, betreuer) VALUES (10063, 2, 10084);
INSERT INTO kunde (pers_nr, bonitaet, betreuer) VALUES (10064, 2, 10090);
INSERT INTO kunde (pers_nr, bonitaet, betreuer) VALUES (10065, 2, 10090);
INSERT INTO kunde (pers_nr, bonitaet, betreuer) VALUES (10066, 2, 10096);
INSERT INTO kunde (pers_nr, bonitaet, betreuer) VALUES (10067, 3, 10060);
INSERT INTO kunde (pers_nr, bonitaet, betreuer) VALUES (10068, 4, 10094);
INSERT INTO kunde (pers_nr, bonitaet, betreuer) VALUES (10069, 1, 10084);
INSERT INTO kunde (pers_nr, bonitaet, betreuer) VALUES (10070, 3, 10096);
INSERT INTO kunde (pers_nr, bonitaet, betreuer) VALUES (10071, 1, 10084);
INSERT INTO kunde (pers_nr, bonitaet, betreuer) VALUES (10072, 2, 10044);
INSERT INTO kunde (pers_nr, bonitaet, betreuer) VALUES (10073, 3, 10096);
INSERT INTO kunde (pers_nr, bonitaet, betreuer) VALUES (10074, 3, 10044);
INSERT INTO kunde (pers_nr, bonitaet, betreuer) VALUES (10075, 4, 10090);
INSERT INTO kunde (pers_nr, bonitaet, betreuer) VALUES (10076, 2, 10060);
INSERT INTO kunde (pers_nr, bonitaet, betreuer) VALUES (10077, 4, 10094);
INSERT INTO kunde (pers_nr, bonitaet, betreuer) VALUES (10078, 3, 10090);
INSERT INTO kunde (pers_nr, bonitaet, betreuer) VALUES (10079, 2, 10036);
INSERT INTO kunde (pers_nr, bonitaet, betreuer) VALUES (10080, 4, 10096);
INSERT INTO kunde (pers_nr, bonitaet, betreuer) VALUES (10081, 3, 10090);
INSERT INTO kunde (pers_nr, bonitaet, betreuer) VALUES (10082, 4, 10090);
INSERT INTO kunde (pers_nr, bonitaet, betreuer) VALUES (10083, 2, 10096);
INSERT INTO kunde (pers_nr, bonitaet, betreuer) VALUES (10084, 3, 10060);
INSERT INTO kunde (pers_nr, bonitaet, betreuer) VALUES (10085, 4, 10044);
INSERT INTO kunde (pers_nr, bonitaet, betreuer) VALUES (10086, 2, 10060);
INSERT INTO kunde (pers_nr, bonitaet, betreuer) VALUES (10087, 2, 10060);
INSERT INTO kunde (pers_nr, bonitaet, betreuer) VALUES (10088, 2, 10057);
INSERT INTO kunde (pers_nr, bonitaet, betreuer) VALUES (10089, 4, 10057);
INSERT INTO kunde (pers_nr, bonitaet, betreuer) VALUES (10090, 4, 10090);
INSERT INTO kunde (pers_nr, bonitaet, betreuer) VALUES (10091, 2, 10094);
INSERT INTO kunde (pers_nr, bonitaet, betreuer) VALUES (10092, 3, 10036);
INSERT INTO kunde (pers_nr, bonitaet, betreuer) VALUES (10093, 2, 10060);
INSERT INTO kunde (pers_nr, bonitaet, betreuer) VALUES (10094, 1, 10057);
INSERT INTO kunde (pers_nr, bonitaet, betreuer) VALUES (10095, 4, 10036);
INSERT INTO kunde (pers_nr, bonitaet, betreuer) VALUES (10096, 1, 10096);
INSERT INTO kunde (pers_nr, bonitaet, betreuer) VALUES (10097, 1, 10057);
INSERT INTO kunde (pers_nr, bonitaet, betreuer) VALUES (10098, 2, 10060);
INSERT INTO kunde (pers_nr, bonitaet, betreuer) VALUES (10099, 2, 10044);
INSERT INTO kunde (pers_nr, bonitaet, betreuer) VALUES (10100, 3, 10060);

INSERT INTO konto (pers_nr, kto_nr, saldo, kredit_limit) VALUES (10049, 31050021, 7892.2798, 10000);
INSERT INTO konto (pers_nr, kto_nr, saldo, kredit_limit) VALUES (10090, 31050022, 12689.89, 5000);
INSERT INTO konto (pers_nr, kto_nr, saldo, kredit_limit) VALUES (10047, 31050023, 11275.01, 5000);
INSERT INTO konto (pers_nr, kto_nr, saldo, kredit_limit) VALUES (10027, 31050024, 14000.25, 5000);
INSERT INTO konto (pers_nr, kto_nr, saldo, kredit_limit) VALUES (10031, 31050025, 13980.03, 15000);
INSERT INTO konto (pers_nr, kto_nr, saldo, kredit_limit) VALUES (10027, 31050026, 12054.6, 15000);
INSERT INTO konto (pers_nr, kto_nr, saldo, kredit_limit) VALUES (10092, 31050027, 5813.2002, 1000);
INSERT INTO konto (pers_nr, kto_nr, saldo, kredit_limit) VALUES (10010, 31050028, 10641.87, 20000);
INSERT INTO konto (pers_nr, kto_nr, saldo, kredit_limit) VALUES (10063, 31050029, 18314.34, 5000);
INSERT INTO konto (pers_nr, kto_nr, saldo, kredit_limit) VALUES (10037, 31050030, 2648.28, 1000);
INSERT INTO konto (pers_nr, kto_nr, saldo, kredit_limit) VALUES (10051, 31050031, 19473.68, 20000);
INSERT INTO konto (pers_nr, kto_nr, saldo, kredit_limit) VALUES (10005, 31050032, 4935.75, 5000);
INSERT INTO konto (pers_nr, kto_nr, saldo, kredit_limit) VALUES (10078, 31050033, 11194.33, 5000);
INSERT INTO konto (pers_nr, kto_nr, saldo, kredit_limit) VALUES (10012, 31050034, 4658.8398, 1000);
INSERT INTO konto (pers_nr, kto_nr, saldo, kredit_limit) VALUES (10043, 31050035, 4537.27, 20000);
INSERT INTO konto (pers_nr, kto_nr, saldo, kredit_limit) VALUES (10019, 31050036, 14939.9, 20000);
INSERT INTO konto (pers_nr, kto_nr, saldo, kredit_limit) VALUES (10033, 31050037, 17590.189, 20000);
INSERT INTO konto (pers_nr, kto_nr, saldo, kredit_limit) VALUES (10070, 31050038, 15551.11, 10000);
INSERT INTO konto (pers_nr, kto_nr, saldo, kredit_limit) VALUES (10083, 31050039, 18344.1, 15000);
INSERT INTO konto (pers_nr, kto_nr, saldo, kredit_limit) VALUES (10055, 31050040, 19384.77, 5000);
INSERT INTO konto (pers_nr, kto_nr, saldo, kredit_limit) VALUES (10019, 31050041, 11264.36, 20000);
INSERT INTO konto (pers_nr, kto_nr, saldo, kredit_limit) VALUES (10032, 31050042, 12483.85, 20000);
INSERT INTO konto (pers_nr, kto_nr, saldo, kredit_limit) VALUES (10053, 31050043, 13200.95, 15000);
INSERT INTO konto (pers_nr, kto_nr, saldo, kredit_limit) VALUES (10088, 31050044, 2088.1101, 15000);
INSERT INTO konto (pers_nr, kto_nr, saldo, kredit_limit) VALUES (10036, 31050045, 8378.0996, 10000);
INSERT INTO konto (pers_nr, kto_nr, saldo, kredit_limit) VALUES (10019, 31050046, 12612.3, 20000);
INSERT INTO konto (pers_nr, kto_nr, saldo, kredit_limit) VALUES (10012, 31050047, 19706.061, 5000);
INSERT INTO konto (pers_nr, kto_nr, saldo, kredit_limit) VALUES (10067, 31050048, 594.88, 20000);
INSERT INTO konto (pers_nr, kto_nr, saldo, kredit_limit) VALUES (10073, 31050049, 3278.4099, 15000);
INSERT INTO konto (pers_nr, kto_nr, saldo, kredit_limit) VALUES (10042, 31050050, 5910.5801, 20000);
INSERT INTO konto (pers_nr, kto_nr, saldo, kredit_limit) VALUES (10016, 31050051, 406.64001, 5000);
INSERT INTO konto (pers_nr, kto_nr, saldo, kredit_limit) VALUES (10027, 31050052, 17065.711, 5000);
INSERT INTO konto (pers_nr, kto_nr, saldo, kredit_limit) VALUES (10067, 31050053, 607.31, 1000);
INSERT INTO konto (pers_nr, kto_nr, saldo, kredit_limit) VALUES (10042, 31050054, 16100.95, 15000);
INSERT INTO konto (pers_nr, kto_nr, saldo, kredit_limit) VALUES (10029, 31050055, 19955.699, 10000);
INSERT INTO konto (pers_nr, kto_nr, saldo, kredit_limit) VALUES (10008, 31050056, -940.27002, 5000);
INSERT INTO konto (pers_nr, kto_nr, saldo, kredit_limit) VALUES (10031, 31050057, 1434.64, 20000);
INSERT INTO konto (pers_nr, kto_nr, saldo, kredit_limit) VALUES (10061, 31050058, -105.95, 10000);
INSERT INTO konto (pers_nr, kto_nr, saldo, kredit_limit) VALUES (10013, 31050059, -220.52, 20000);
INSERT INTO konto (pers_nr, kto_nr, saldo, kredit_limit) VALUES (10053, 31050060, 9698.8799, 10000);
INSERT INTO konto (pers_nr, kto_nr, saldo, kredit_limit) VALUES (10046, 31050061, 6900.8198, 5000);
INSERT INTO konto (pers_nr, kto_nr, saldo, kredit_limit) VALUES (10094, 31050062, 15707.98, 10000);
INSERT INTO konto (pers_nr, kto_nr, saldo, kredit_limit) VALUES (10082, 31050063, 15903.73, 10000);
INSERT INTO konto (pers_nr, kto_nr, saldo, kredit_limit) VALUES (10029, 31050064, 14995.96, 1000);
INSERT INTO konto (pers_nr, kto_nr, saldo, kredit_limit) VALUES (10045, 31050065, 13465.37, 15000);
INSERT INTO konto (pers_nr, kto_nr, saldo, kredit_limit) VALUES (10018, 31050066, 19695.961, 1000);
INSERT INTO konto (pers_nr, kto_nr, saldo, kredit_limit) VALUES (10024, 31050067, 14826.84, 10000);
INSERT INTO konto (pers_nr, kto_nr, saldo, kredit_limit) VALUES (10026, 31050068, 8409.2305, 10000);
INSERT INTO konto (pers_nr, kto_nr, saldo, kredit_limit) VALUES (10094, 31050069, 10624.71, 5000);
INSERT INTO konto (pers_nr, kto_nr, saldo, kredit_limit) VALUES (10014, 31050070, 10546.73, 5000);
INSERT INTO konto (pers_nr, kto_nr, saldo, kredit_limit) VALUES (10058, 31050071, 18839.029, 5000);
INSERT INTO konto (pers_nr, kto_nr, saldo, kredit_limit) VALUES (10039, 31050072, 8032.8501, 1000);
INSERT INTO konto (pers_nr, kto_nr, saldo, kredit_limit) VALUES (10024, 31050073, 10205.04, 15000);
INSERT INTO konto (pers_nr, kto_nr, saldo, kredit_limit) VALUES (10010, 31050074, 4576.0801, 10000);
INSERT INTO konto (pers_nr, kto_nr, saldo, kredit_limit) VALUES (10005, 31050075, 15747.55, 10000);
INSERT INTO konto (pers_nr, kto_nr, saldo, kredit_limit) VALUES (10054, 31050076, 4119.6099, 20000);
INSERT INTO konto (pers_nr, kto_nr, saldo, kredit_limit) VALUES (10081, 31050077, 18605.25, 20000);
INSERT INTO konto (pers_nr, kto_nr, saldo, kredit_limit) VALUES (10084, 31050078, 8968.7305, 20000);
INSERT INTO konto (pers_nr, kto_nr, saldo, kredit_limit) VALUES (10030, 31050079, 5716.3701, 15000);
INSERT INTO konto (pers_nr, kto_nr, saldo, kredit_limit) VALUES (10064, 31050080, -216.75, 5000);
INSERT INTO konto (pers_nr, kto_nr, saldo, kredit_limit) VALUES (10042, 31050081, 7697.0898, 15000);
INSERT INTO konto (pers_nr, kto_nr, saldo, kredit_limit) VALUES (10038, 31050082, 16198.39, 1000);
INSERT INTO konto (pers_nr, kto_nr, saldo, kredit_limit) VALUES (10043, 31050083, 13611.34, 10000);
INSERT INTO konto (pers_nr, kto_nr, saldo, kredit_limit) VALUES (10080, 31050084, 4962.9702, 20000);
INSERT INTO konto (pers_nr, kto_nr, saldo, kredit_limit) VALUES (10029, 31050085, 5255.3198, 1000);
INSERT INTO konto (pers_nr, kto_nr, saldo, kredit_limit) VALUES (10026, 31050086, 10111.38, 15000);
INSERT INTO konto (pers_nr, kto_nr, saldo, kredit_limit) VALUES (10068, 31050087, 14465.89, 15000);
INSERT INTO konto (pers_nr, kto_nr, saldo, kredit_limit) VALUES (10074, 31050088, 817.40997, 1000);
INSERT INTO konto (pers_nr, kto_nr, saldo, kredit_limit) VALUES (10028, 31050089, 8544.4697, 5000);
INSERT INTO konto (pers_nr, kto_nr, saldo, kredit_limit) VALUES (10066, 31050090, -459.70999, 1000);
INSERT INTO konto (pers_nr, kto_nr, saldo, kredit_limit) VALUES (10065, 31050091, -837.32001, 1000);
INSERT INTO konto (pers_nr, kto_nr, saldo, kredit_limit) VALUES (10073, 31050092, 8214.5898, 15000);
INSERT INTO konto (pers_nr, kto_nr, saldo, kredit_limit) VALUES (10059, 31050093, 18020.33, 10000);
INSERT INTO konto (pers_nr, kto_nr, saldo, kredit_limit) VALUES (10018, 31050094, 13673.02, 20000);
INSERT INTO konto (pers_nr, kto_nr, saldo, kredit_limit) VALUES (10072, 31050095, 15239.2, 1000);
INSERT INTO konto (pers_nr, kto_nr, saldo, kredit_limit) VALUES (10040, 31050096, 7507.0898, 20000);
INSERT INTO konto (pers_nr, kto_nr, saldo, kredit_limit) VALUES (10054, 31050097, 5486.96, 5000);
INSERT INTO konto (pers_nr, kto_nr, saldo, kredit_limit) VALUES (10084, 31050098, 17468.869, 1000);
INSERT INTO konto (pers_nr, kto_nr, saldo, kredit_limit) VALUES (10096, 31050099, 14554.44, 15000);
INSERT INTO konto (pers_nr, kto_nr, saldo, kredit_limit) VALUES (10073, 31050100, 18236.09, 15000);
INSERT INTO konto (pers_nr, kto_nr, saldo, kredit_limit) VALUES (10035, 31050101, 13691.87, 20000);
INSERT INTO konto (pers_nr, kto_nr, saldo, kredit_limit) VALUES (10087, 31050102, 10834.11, 15000);
INSERT INTO konto (pers_nr, kto_nr, saldo, kredit_limit) VALUES (10040, 31050103, 17943.119, 20000);
INSERT INTO konto (pers_nr, kto_nr, saldo, kredit_limit) VALUES (10099, 31050104, 3247.76, 20000);
INSERT INTO konto (pers_nr, kto_nr, saldo, kredit_limit) VALUES (10070, 31050105, 15435.56, 5000);
INSERT INTO konto (pers_nr, kto_nr, saldo, kredit_limit) VALUES (10068, 31050106, 3868.1599, 15000);
INSERT INTO konto (pers_nr, kto_nr, saldo, kredit_limit) VALUES (10016, 31050107, 1587.59, 15000);
INSERT INTO konto (pers_nr, kto_nr, saldo, kredit_limit) VALUES (10085, 31050108, 17181.529, 15000);
INSERT INTO konto (pers_nr, kto_nr, saldo, kredit_limit) VALUES (10044, 31050109, 8243.5098, 1000);
INSERT INTO konto (pers_nr, kto_nr, saldo, kredit_limit) VALUES (10059, 31050110, 14509.58, 10000);
INSERT INTO konto (pers_nr, kto_nr, saldo, kredit_limit) VALUES (10061, 31050111, 667.04999, 20000);
INSERT INTO konto (pers_nr, kto_nr, saldo, kredit_limit) VALUES (10065, 31050112, 1700.26, 10000);
INSERT INTO konto (pers_nr, kto_nr, saldo, kredit_limit) VALUES (10095, 31050113, 5409.8301, 10000);
INSERT INTO konto (pers_nr, kto_nr, saldo, kredit_limit) VALUES (10053, 31050114, 4264.7998, 15000);
INSERT INTO konto (pers_nr, kto_nr, saldo, kredit_limit) VALUES (10091, 31050115, 6522.4102, 1000);
INSERT INTO konto (pers_nr, kto_nr, saldo, kredit_limit) VALUES (10037, 31050116, 18771.721, 5000);
INSERT INTO konto (pers_nr, kto_nr, saldo, kredit_limit) VALUES (10046, 31050117, 6418.5, 20000);
INSERT INTO konto (pers_nr, kto_nr, saldo, kredit_limit) VALUES (10046, 31050118, 8227.9502, 20000);
INSERT INTO konto (pers_nr, kto_nr, saldo, kredit_limit) VALUES (10052, 31050119, 2583.49, 10000);
INSERT INTO konto (pers_nr, kto_nr, saldo, kredit_limit) VALUES (10089, 31050120, 14920.94, 10000);

INSERT INTO einzahlung (pers_nr, kto_nr, betrag, datum) VALUES (10092, 31050027, 6687.54, '1998-03-26');
INSERT INTO einzahlung (pers_nr, kto_nr, betrag, datum) VALUES (10067, 31050053, 5032.2202, '1999-03-04');
INSERT INTO einzahlung (pers_nr, kto_nr, betrag, datum) VALUES (10044, 31050109, 535.29999, '1999-04-16');
INSERT INTO einzahlung (pers_nr, kto_nr, betrag, datum) VALUES (10030, 31050079, 3786.76, '1998-07-18');
INSERT INTO einzahlung (pers_nr, kto_nr, betrag, datum) VALUES (10029, 31050085, 4338.0498, '1997-01-28');
INSERT INTO einzahlung (pers_nr, kto_nr, betrag, datum) VALUES (10010, 31050074, 5400.4702, '1998-03-20');
INSERT INTO einzahlung (pers_nr, kto_nr, betrag, datum) VALUES (10037, 31050116, 2142.1101, '1999-08-10');
INSERT INTO einzahlung (pers_nr, kto_nr, betrag, datum) VALUES (10059, 31050110, 5792.9902, '1998-07-04');
INSERT INTO einzahlung (pers_nr, kto_nr, betrag, datum) VALUES (10064, 31050080, 9843.9199, '1998-01-05');
INSERT INTO einzahlung (pers_nr, kto_nr, betrag, datum) VALUES (10040, 31050096, 1380.12, '1997-07-14');
INSERT INTO einzahlung (pers_nr, kto_nr, betrag, datum) VALUES (10019, 31050046, 8985.4199, '1999-06-02');
INSERT INTO einzahlung (pers_nr, kto_nr, betrag, datum) VALUES (10078, 31050033, 2535.71, '1999-12-30');
INSERT INTO einzahlung (pers_nr, kto_nr, betrag, datum) VALUES (10005, 31050032, 5730.9199, '1997-06-24');
INSERT INTO einzahlung (pers_nr, kto_nr, betrag, datum) VALUES (10080, 31050084, 6969.3799, '1997-05-25');
INSERT INTO einzahlung (pers_nr, kto_nr, betrag, datum) VALUES (10024, 31050073, 9902.3096, '1997-04-05');
INSERT INTO einzahlung (pers_nr, kto_nr, betrag, datum) VALUES (10081, 31050077, 6933.96, '1998-01-27');
INSERT INTO einzahlung (pers_nr, kto_nr, betrag, datum) VALUES (10044, 31050109, 168.71001, '1997-11-21');
INSERT INTO einzahlung (pers_nr, kto_nr, betrag, datum) VALUES (10061, 31050058, 4053.0901, '1999-11-24');
INSERT INTO einzahlung (pers_nr, kto_nr, betrag, datum) VALUES (10033, 31050037, 7170.7002, '1998-04-13');
INSERT INTO einzahlung (pers_nr, kto_nr, betrag, datum) VALUES (10074, 31050088, 257.82001, '1999-10-27');
INSERT INTO einzahlung (pers_nr, kto_nr, betrag, datum) VALUES (10089, 31050120, 8735.0801, '1999-09-04');
INSERT INTO einzahlung (pers_nr, kto_nr, betrag, datum) VALUES (10044, 31050109, 2283.72, '1999-06-01');
INSERT INTO einzahlung (pers_nr, kto_nr, betrag, datum) VALUES (10084, 31050078, 7519.2798, '1998-12-15');
INSERT INTO einzahlung (pers_nr, kto_nr, betrag, datum) VALUES (10070, 31050105, 4913.5601, '1999-12-13');
INSERT INTO einzahlung (pers_nr, kto_nr, betrag, datum) VALUES (10065, 31050112, 1672.23, '1999-08-10');
INSERT INTO einzahlung (pers_nr, kto_nr, betrag, datum) VALUES (10067, 31050053, 205.07001, '1998-10-01');
INSERT INTO einzahlung (pers_nr, kto_nr, betrag, datum) VALUES (10095, 31050113, 3389.51, '1998-05-31');
INSERT INTO einzahlung (pers_nr, kto_nr, betrag, datum) VALUES (10047, 31050023, 5571.0098, '1997-06-12');
INSERT INTO einzahlung (pers_nr, kto_nr, betrag, datum) VALUES (10032, 31050042, 9499.6602, '1997-04-03');
INSERT INTO einzahlung (pers_nr, kto_nr, betrag, datum) VALUES (10037, 31050030, 7031.4702, '1998-10-05');
INSERT INTO einzahlung (pers_nr, kto_nr, betrag, datum) VALUES (10073, 31050100, 5592.9902, '1997-08-24');
INSERT INTO einzahlung (pers_nr, kto_nr, betrag, datum) VALUES (10012, 31050034, 7966.3198, '1998-08-10');
INSERT INTO einzahlung (pers_nr, kto_nr, betrag, datum) VALUES (10040, 31050103, 7489.9399, '1999-02-06');
INSERT INTO einzahlung (pers_nr, kto_nr, betrag, datum) VALUES (10013, 31050059, 5993.9502, '1998-03-19');
INSERT INTO einzahlung (pers_nr, kto_nr, betrag, datum) VALUES (10042, 31050050, 7335.8799, '1999-05-26');
INSERT INTO einzahlung (pers_nr, kto_nr, betrag, datum) VALUES (10044, 31050109, 4707.21, '1999-07-18');
INSERT INTO einzahlung (pers_nr, kto_nr, betrag, datum) VALUES (10082, 31050063, 2586.4399, '1997-05-24');
INSERT INTO einzahlung (pers_nr, kto_nr, betrag, datum) VALUES (10046, 31050117, 1806.25, '1998-02-12');
INSERT INTO einzahlung (pers_nr, kto_nr, betrag, datum) VALUES (10053, 31050060, 569.96002, '1999-12-11');
INSERT INTO einzahlung (pers_nr, kto_nr, betrag, datum) VALUES (10059, 31050110, 3950.5, '1999-12-19');
INSERT INTO einzahlung (pers_nr, kto_nr, betrag, datum) VALUES (10045, 31050065, 4529.0498, '1998-02-04');
INSERT INTO einzahlung (pers_nr, kto_nr, betrag, datum) VALUES (10087, 31050102, 7655.2598, '1998-02-20');
INSERT INTO einzahlung (pers_nr, kto_nr, betrag, datum) VALUES (10070, 31050038, 4257.1299, '1998-12-31');
INSERT INTO einzahlung (pers_nr, kto_nr, betrag, datum) VALUES (10044, 31050109, 9365.9697, '1997-04-02');
INSERT INTO einzahlung (pers_nr, kto_nr, betrag, datum) VALUES (10059, 31050093, 855.87, '1998-06-30');
INSERT INTO einzahlung (pers_nr, kto_nr, betrag, datum) VALUES (10010, 31050074, 1856.1801, '1998-01-31');
INSERT INTO einzahlung (pers_nr, kto_nr, betrag, datum) VALUES (10031, 31050057, 8717.3896, '1997-08-14');
INSERT INTO einzahlung (pers_nr, kto_nr, betrag, datum) VALUES (10095, 31050113, 5899.6001, '1998-02-16');
INSERT INTO einzahlung (pers_nr, kto_nr, betrag, datum) VALUES (10046, 31050118, 5516.8701, '1999-04-07');
INSERT INTO einzahlung (pers_nr, kto_nr, betrag, datum) VALUES (10016, 31050051, 1947.71, '1999-03-02');
INSERT INTO einzahlung (pers_nr, kto_nr, betrag, datum) VALUES (10084, 31050078, 2603.47, '1999-02-24');
INSERT INTO einzahlung (pers_nr, kto_nr, betrag, datum) VALUES (10032, 31050042, 5441.3999, '1998-06-01');
INSERT INTO einzahlung (pers_nr, kto_nr, betrag, datum) VALUES (10091, 31050115, 3961.8701, '1998-04-01');
INSERT INTO einzahlung (pers_nr, kto_nr, betrag, datum) VALUES (10068, 31050087, 435.04001, '1997-08-06');
INSERT INTO einzahlung (pers_nr, kto_nr, betrag, datum) VALUES (10043, 31050035, 804.63, '1998-06-20');
INSERT INTO einzahlung (pers_nr, kto_nr, betrag, datum) VALUES (10042, 31050054, 3102.8101, '1999-02-11');
INSERT INTO einzahlung (pers_nr, kto_nr, betrag, datum) VALUES (10059, 31050110, 2718.78, '1998-10-15');
INSERT INTO einzahlung (pers_nr, kto_nr, betrag, datum) VALUES (10035, 31050101, 5680.6699, '1997-05-17');
INSERT INTO einzahlung (pers_nr, kto_nr, betrag, datum) VALUES (10092, 31050027, 3316.75, '1997-10-12');
INSERT INTO einzahlung (pers_nr, kto_nr, betrag, datum) VALUES (10088, 31050044, 7039.6499, '1997-11-21');
INSERT INTO einzahlung (pers_nr, kto_nr, betrag, datum) VALUES (10036, 31050045, 2142.6101, '1997-01-19');
INSERT INTO einzahlung (pers_nr, kto_nr, betrag, datum) VALUES (10027, 31050026, 4167.6201, '1999-06-05');
INSERT INTO einzahlung (pers_nr, kto_nr, betrag, datum) VALUES (10054, 31050076, 1251.03, '1999-05-03');
INSERT INTO einzahlung (pers_nr, kto_nr, betrag, datum) VALUES (10073, 31050092, 1945.2, '1998-09-23');
INSERT INTO einzahlung (pers_nr, kto_nr, betrag, datum) VALUES (10014, 31050070, 2077.8799, '1999-04-18');
INSERT INTO einzahlung (pers_nr, kto_nr, betrag, datum) VALUES (10027, 31050024, 2027.87, '1999-01-21');
INSERT INTO einzahlung (pers_nr, kto_nr, betrag, datum) VALUES (10018, 31050066, 5233.73, '1999-09-24');
INSERT INTO einzahlung (pers_nr, kto_nr, betrag, datum) VALUES (10051, 31050031, 9893.3301, '1999-11-05');
INSERT INTO einzahlung (pers_nr, kto_nr, betrag, datum) VALUES (10008, 31050056, 7712.9502, '1998-12-10');
INSERT INTO einzahlung (pers_nr, kto_nr, betrag, datum) VALUES (10005, 31050032, 634.44, '1997-03-23');
INSERT INTO einzahlung (pers_nr, kto_nr, betrag, datum) VALUES (10044, 31050109, 2029.45, '1999-06-21');
INSERT INTO einzahlung (pers_nr, kto_nr, betrag, datum) VALUES (10088, 31050044, 2720.1399, '1998-10-17');
INSERT INTO einzahlung (pers_nr, kto_nr, betrag, datum) VALUES (10095, 31050113, 5267.3599, '1999-09-22');
INSERT INTO einzahlung (pers_nr, kto_nr, betrag, datum) VALUES (10090, 31050022, 4061.1699, '1999-01-02');
INSERT INTO einzahlung (pers_nr, kto_nr, betrag, datum) VALUES (10033, 31050037, 3598.5901, '1998-10-20');
INSERT INTO einzahlung (pers_nr, kto_nr, betrag, datum) VALUES (10027, 31050026, 1891.3199, '1998-12-14');
INSERT INTO einzahlung (pers_nr, kto_nr, betrag, datum) VALUES (10028, 31050089, 8961.3096, '1999-05-12');
INSERT INTO einzahlung (pers_nr, kto_nr, betrag, datum) VALUES (10058, 31050071, 7035.1299, '1999-04-16');
INSERT INTO einzahlung (pers_nr, kto_nr, betrag, datum) VALUES (10043, 31050035, 811.66998, '1999-11-21');
INSERT INTO einzahlung (pers_nr, kto_nr, betrag, datum) VALUES (10046, 31050061, 506.79001, '1999-10-16');
INSERT INTO einzahlung (pers_nr, kto_nr, betrag, datum) VALUES (10082, 31050063, 4990.6899, '1999-05-17');
INSERT INTO einzahlung (pers_nr, kto_nr, betrag, datum) VALUES (10073, 31050049, 7104.02, '1997-02-24');
INSERT INTO einzahlung (pers_nr, kto_nr, betrag, datum) VALUES (10008, 31050056, 4141.8901, '1998-06-22');
INSERT INTO einzahlung (pers_nr, kto_nr, betrag, datum) VALUES (10096, 31050099, 2628.1101, '1997-10-01');
INSERT INTO einzahlung (pers_nr, kto_nr, betrag, datum) VALUES (10092, 31050027, 8181.5098, '1999-12-17');
INSERT INTO einzahlung (pers_nr, kto_nr, betrag, datum) VALUES (10029, 31050064, 1054.55, '1998-11-30');
INSERT INTO einzahlung (pers_nr, kto_nr, betrag, datum) VALUES (10024, 31050073, 6756.4702, '1997-02-20');
INSERT INTO einzahlung (pers_nr, kto_nr, betrag, datum) VALUES (10037, 31050030, 4584.1802, '1997-10-30');
INSERT INTO einzahlung (pers_nr, kto_nr, betrag, datum) VALUES (10073, 31050049, 9512.5098, '1998-07-05');
INSERT INTO einzahlung (pers_nr, kto_nr, betrag, datum) VALUES (10045, 31050065, 3906.21, '1999-08-04');
INSERT INTO einzahlung (pers_nr, kto_nr, betrag, datum) VALUES (10047, 31050023, 5387.25, '1998-04-03');
INSERT INTO einzahlung (pers_nr, kto_nr, betrag, datum) VALUES (10065, 31050091, 5436.0698, '1999-05-24');
INSERT INTO einzahlung (pers_nr, kto_nr, betrag, datum) VALUES (10036, 31050045, 2026.72, '1998-08-08');
INSERT INTO einzahlung (pers_nr, kto_nr, betrag, datum) VALUES (10054, 31050097, 3531.8501, '1998-07-24');
INSERT INTO einzahlung (pers_nr, kto_nr, betrag, datum) VALUES (10073, 31050092, 7222.77, '1997-12-15');
INSERT INTO einzahlung (pers_nr, kto_nr, betrag, datum) VALUES (10039, 31050072, 9880.2305, '1998-06-08');
INSERT INTO einzahlung (pers_nr, kto_nr, betrag, datum) VALUES (10029, 31050085, 4906.77, '1998-06-11');
INSERT INTO einzahlung (pers_nr, kto_nr, betrag, datum) VALUES (10027, 31050024, 7528.7998, '1998-12-17');
INSERT INTO einzahlung (pers_nr, kto_nr, betrag, datum) VALUES (10042, 31050081, 5243.3198, '1997-06-25');
INSERT INTO einzahlung (pers_nr, kto_nr, betrag, datum) VALUES (10031, 31050057, 2696.3999, '1997-07-02');
INSERT INTO einzahlung (pers_nr, kto_nr, betrag, datum) VALUES (10027, 31050024, 2659.5601, '1999-02-07');
INSERT INTO einzahlung (pers_nr, kto_nr, betrag, datum) VALUES (10061, 31050058, 6569.3599, '1998-05-23');
INSERT INTO einzahlung (pers_nr, kto_nr, betrag, datum) VALUES (10065, 31050112, 7789.0098, '1998-10-22');
INSERT INTO einzahlung (pers_nr, kto_nr, betrag, datum) VALUES (10085, 31050108, 4729.96, '1997-02-13');
INSERT INTO einzahlung (pers_nr, kto_nr, betrag, datum) VALUES (10073, 31050092, 5816.1201, '1998-01-19');
INSERT INTO einzahlung (pers_nr, kto_nr, betrag, datum) VALUES (10008, 31050056, 2001.98, '1999-05-30');
INSERT INTO einzahlung (pers_nr, kto_nr, betrag, datum) VALUES (10068, 31050106, 6327.5801, '1998-11-08');
INSERT INTO einzahlung (pers_nr, kto_nr, betrag, datum) VALUES (10026, 31050068, 3280.8601, '1998-08-22');
INSERT INTO einzahlung (pers_nr, kto_nr, betrag, datum) VALUES (10024, 31050067, 7188.6802, '1999-06-06');
INSERT INTO einzahlung (pers_nr, kto_nr, betrag, datum) VALUES (10039, 31050072, 9316.2695, '1999-07-10');
INSERT INTO einzahlung (pers_nr, kto_nr, betrag, datum) VALUES (10036, 31050045, 7975.73, '1998-09-25');
INSERT INTO einzahlung (pers_nr, kto_nr, betrag, datum) VALUES (10082, 31050063, 4040.8899, '1999-06-28');
INSERT INTO einzahlung (pers_nr, kto_nr, betrag, datum) VALUES (10044, 31050109, 2328.9299, '1999-04-23');
INSERT INTO einzahlung (pers_nr, kto_nr, betrag, datum) VALUES (10046, 31050061, 9827.9805, '1998-10-22');
INSERT INTO einzahlung (pers_nr, kto_nr, betrag, datum) VALUES (10042, 31050050, 6449, '1998-10-11');
INSERT INTO einzahlung (pers_nr, kto_nr, betrag, datum) VALUES (10013, 31050059, 5205.3901, '1999-04-04');
INSERT INTO einzahlung (pers_nr, kto_nr, betrag, datum) VALUES (10016, 31050051, 6578.1001, '1997-04-02');
INSERT INTO einzahlung (pers_nr, kto_nr, betrag, datum) VALUES (10072, 31050095, 7520.4102, '1999-02-16');
INSERT INTO einzahlung (pers_nr, kto_nr, betrag, datum) VALUES (10032, 31050042, 1751.73, '1999-03-28');
INSERT INTO einzahlung (pers_nr, kto_nr, betrag, datum) VALUES (10078, 31050033, 4586.1299, '1997-09-24');
INSERT INTO einzahlung (pers_nr, kto_nr, betrag, datum) VALUES (10042, 31050054, 5247.7998, '1998-09-26');
INSERT INTO einzahlung (pers_nr, kto_nr, betrag, datum) VALUES (10085, 31050108, 3396.6599, '1998-09-17');
INSERT INTO einzahlung (pers_nr, kto_nr, betrag, datum) VALUES (10085, 31050108, 6549.7402, '1999-10-14');
INSERT INTO einzahlung (pers_nr, kto_nr, betrag, datum) VALUES (10049, 31050021, 8279.9404, '1997-10-02');
INSERT INTO einzahlung (pers_nr, kto_nr, betrag, datum) VALUES (10088, 31050044, 6991.5601, '1999-08-11');
INSERT INTO einzahlung (pers_nr, kto_nr, betrag, datum) VALUES (10005, 31050075, 3911.53, '1998-01-07');
INSERT INTO einzahlung (pers_nr, kto_nr, betrag, datum) VALUES (10012, 31050034, 9204.3398, '1998-04-28');
INSERT INTO einzahlung (pers_nr, kto_nr, betrag, datum) VALUES (10067, 31050048, 7866.3901, '1998-10-17');
INSERT INTO einzahlung (pers_nr, kto_nr, betrag, datum) VALUES (10029, 31050064, 2194.8601, '1998-10-08');
INSERT INTO einzahlung (pers_nr, kto_nr, betrag, datum) VALUES (10070, 31050038, 5262.8198, '1998-06-19');
INSERT INTO einzahlung (pers_nr, kto_nr, betrag, datum) VALUES (10040, 31050096, 8871.2305, '1998-12-31');
INSERT INTO einzahlung (pers_nr, kto_nr, betrag, datum) VALUES (10068, 31050106, 2415.1201, '1997-03-24');
INSERT INTO einzahlung (pers_nr, kto_nr, betrag, datum) VALUES (10059, 31050110, 4439.2798, '1997-04-16');
INSERT INTO einzahlung (pers_nr, kto_nr, betrag, datum) VALUES (10018, 31050094, 9359.7598, '1997-09-15');
INSERT INTO einzahlung (pers_nr, kto_nr, betrag, datum) VALUES (10043, 31050035, 2421.97, '1999-06-14');
INSERT INTO einzahlung (pers_nr, kto_nr, betrag, datum) VALUES (10014, 31050070, 51.650002, '1997-06-03');
INSERT INTO einzahlung (pers_nr, kto_nr, betrag, datum) VALUES (10026, 31050068, 4925.98, '1999-06-04');
INSERT INTO einzahlung (pers_nr, kto_nr, betrag, datum) VALUES (10080, 31050084, 2151.5901, '1997-12-06');
INSERT INTO einzahlung (pers_nr, kto_nr, betrag, datum) VALUES (10068, 31050106, 2217.3799, '1998-02-03');
INSERT INTO einzahlung (pers_nr, kto_nr, betrag, datum) VALUES (10029, 31050055, 4495.79, '1999-01-16');
INSERT INTO einzahlung (pers_nr, kto_nr, betrag, datum) VALUES (10083, 31050039, 7129.7798, '1999-04-18');
INSERT INTO einzahlung (pers_nr, kto_nr, betrag, datum) VALUES (10089, 31050120, 7444.73, '1999-05-23');
INSERT INTO einzahlung (pers_nr, kto_nr, betrag, datum) VALUES (10053, 31050114, 1571.76, '1998-07-03');
INSERT INTO einzahlung (pers_nr, kto_nr, betrag, datum) VALUES (10073, 31050100, 2980.6599, '1997-02-25');
INSERT INTO einzahlung (pers_nr, kto_nr, betrag, datum) VALUES (10046, 31050117, 1406.9301, '1998-02-10');
INSERT INTO einzahlung (pers_nr, kto_nr, betrag, datum) VALUES (10078, 31050033, 5611.46, '1997-11-15');
INSERT INTO einzahlung (pers_nr, kto_nr, betrag, datum) VALUES (10027, 31050024, 9087.0703, '1997-03-06');
INSERT INTO einzahlung (pers_nr, kto_nr, betrag, datum) VALUES (10095, 31050113, 3555.23, '1997-06-13');
INSERT INTO einzahlung (pers_nr, kto_nr, betrag, datum) VALUES (10070, 31050105, 1794.23, '1999-07-30');
INSERT INTO einzahlung (pers_nr, kto_nr, betrag, datum) VALUES (10074, 31050088, 7323.1401, '1999-05-13');
INSERT INTO einzahlung (pers_nr, kto_nr, betrag, datum) VALUES (10037, 31050030, 4307, '1999-05-06');
INSERT INTO einzahlung (pers_nr, kto_nr, betrag, datum) VALUES (10040, 31050096, 162.98, '1998-05-11');
INSERT INTO einzahlung (pers_nr, kto_nr, betrag, datum) VALUES (10088, 31050044, 7190.75, '1998-05-30');
INSERT INTO einzahlung (pers_nr, kto_nr, betrag, datum) VALUES (10059, 31050110, 2123.8799, '1998-05-15');
INSERT INTO einzahlung (pers_nr, kto_nr, betrag, datum) VALUES (10024, 31050073, 3140.1001, '1999-10-14');
INSERT INTO einzahlung (pers_nr, kto_nr, betrag, datum) VALUES (10029, 31050064, 5879.8301, '1998-09-02');
INSERT INTO einzahlung (pers_nr, kto_nr, betrag, datum) VALUES (10047, 31050023, 6445.23, '1999-12-25');
INSERT INTO einzahlung (pers_nr, kto_nr, betrag, datum) VALUES (10090, 31050022, 4646.1001, '1997-08-15');
INSERT INTO einzahlung (pers_nr, kto_nr, betrag, datum) VALUES (10046, 31050061, 1808.33, '1999-11-16');
INSERT INTO einzahlung (pers_nr, kto_nr, betrag, datum) VALUES (10039, 31050072, 642.40002, '1999-02-10');
INSERT INTO einzahlung (pers_nr, kto_nr, betrag, datum) VALUES (10045, 31050065, 7125.8599, '1999-05-10');
INSERT INTO einzahlung (pers_nr, kto_nr, betrag, datum) VALUES (10027, 31050026, 5353.3901, '1997-11-12');
INSERT INTO einzahlung (pers_nr, kto_nr, betrag, datum) VALUES (10064, 31050080, 9344.4297, '1997-04-10');
INSERT INTO einzahlung (pers_nr, kto_nr, betrag, datum) VALUES (10027, 31050026, 4894.71, '1998-05-03');
INSERT INTO einzahlung (pers_nr, kto_nr, betrag, datum) VALUES (10054, 31050097, 7756, '1997-02-24');
INSERT INTO einzahlung (pers_nr, kto_nr, betrag, datum) VALUES (10073, 31050100, 2251.9399, '1997-08-27');
INSERT INTO einzahlung (pers_nr, kto_nr, betrag, datum) VALUES (10061, 31050058, 8598.6904, '1999-05-30');
INSERT INTO einzahlung (pers_nr, kto_nr, betrag, datum) VALUES (10010, 31050028, 144.07001, '1998-01-25');
INSERT INTO einzahlung (pers_nr, kto_nr, betrag, datum) VALUES (10042, 31050050, 2319.8301, '1999-01-25');
INSERT INTO einzahlung (pers_nr, kto_nr, betrag, datum) VALUES (10040, 31050096, 2883.26, '1997-10-13');
INSERT INTO einzahlung (pers_nr, kto_nr, betrag, datum) VALUES (10031, 31050025, 3128.8101, '1997-12-02');
INSERT INTO einzahlung (pers_nr, kto_nr, betrag, datum) VALUES (10088, 31050044, 8323.7695, '1998-11-27');
INSERT INTO einzahlung (pers_nr, kto_nr, betrag, datum) VALUES (10042, 31050081, 9650.1201, '1998-05-06');
INSERT INTO einzahlung (pers_nr, kto_nr, betrag, datum) VALUES (10068, 31050087, 7495.3301, '1998-12-13');
INSERT INTO einzahlung (pers_nr, kto_nr, betrag, datum) VALUES (10073, 31050100, 4675.6201, '1997-03-17');
INSERT INTO einzahlung (pers_nr, kto_nr, betrag, datum) VALUES (10049, 31050021, 3738.8501, '1998-05-16');
INSERT INTO einzahlung (pers_nr, kto_nr, betrag, datum) VALUES (10016, 31050051, 6733.7598, '1997-05-29');
INSERT INTO einzahlung (pers_nr, kto_nr, betrag, datum) VALUES (10010, 31050028, 578.84003, '1999-05-15');
INSERT INTO einzahlung (pers_nr, kto_nr, betrag, datum) VALUES (10090, 31050022, 5483.2998, '1999-03-07');
INSERT INTO einzahlung (pers_nr, kto_nr, betrag, datum) VALUES (10037, 31050116, 3384.8401, '1999-10-19');
INSERT INTO einzahlung (pers_nr, kto_nr, betrag, datum) VALUES (10055, 31050040, 8874.9805, '1998-02-28');
INSERT INTO einzahlung (pers_nr, kto_nr, betrag, datum) VALUES (10089, 31050120, 6920.0898, '1997-03-31');
INSERT INTO einzahlung (pers_nr, kto_nr, betrag, datum) VALUES (10049, 31050021, 7225.23, '1998-07-09');
INSERT INTO einzahlung (pers_nr, kto_nr, betrag, datum) VALUES (10019, 31050046, 5268.4302, '1997-01-26');
INSERT INTO einzahlung (pers_nr, kto_nr, betrag, datum) VALUES (10059, 31050093, 6086.75, '1998-12-11');
INSERT INTO einzahlung (pers_nr, kto_nr, betrag, datum) VALUES (10028, 31050089, 7703.6802, '1999-01-17');
INSERT INTO einzahlung (pers_nr, kto_nr, betrag, datum) VALUES (10029, 31050085, 3410.3101, '1997-10-11');
INSERT INTO einzahlung (pers_nr, kto_nr, betrag, datum) VALUES (10099, 31050104, 4271.0098, '1999-06-23');
INSERT INTO einzahlung (pers_nr, kto_nr, betrag, datum) VALUES (10084, 31050098, 5546.0601, '1998-06-04');
INSERT INTO einzahlung (pers_nr, kto_nr, betrag, datum) VALUES (10092, 31050027, 3139.8501, '1997-10-16');
INSERT INTO einzahlung (pers_nr, kto_nr, betrag, datum) VALUES (10067, 31050053, 1019.88, '1999-03-11');
INSERT INTO einzahlung (pers_nr, kto_nr, betrag, datum) VALUES (10043, 31050035, 333.03, '1997-12-13');
INSERT INTO einzahlung (pers_nr, kto_nr, betrag, datum) VALUES (10092, 31050027, 1909.1801, '1999-07-15');
INSERT INTO einzahlung (pers_nr, kto_nr, betrag, datum) VALUES (10005, 31050075, 8382.1396, '1997-04-10');
INSERT INTO einzahlung (pers_nr, kto_nr, betrag, datum) VALUES (10081, 31050077, 4382.0801, '1997-03-04');
INSERT INTO einzahlung (pers_nr, kto_nr, betrag, datum) VALUES (10096, 31050099, 432.87, '1999-11-08');
INSERT INTO einzahlung (pers_nr, kto_nr, betrag, datum) VALUES (10010, 31050074, 7641.27, '1997-07-19');
INSERT INTO einzahlung (pers_nr, kto_nr, betrag, datum) VALUES (10040, 31050096, 4659.3101, '1999-08-13');
INSERT INTO einzahlung (pers_nr, kto_nr, betrag, datum) VALUES (10073, 31050100, 2306.5601, '1998-04-08');
INSERT INTO einzahlung (pers_nr, kto_nr, betrag, datum) VALUES (10037, 31050030, 5450.4399, '1999-03-24');
INSERT INTO einzahlung (pers_nr, kto_nr, betrag, datum) VALUES (10072, 31050095, 7147.8501, '1997-04-24');
INSERT INTO einzahlung (pers_nr, kto_nr, betrag, datum) VALUES (10031, 31050057, 3607.6399, '1999-03-23');
INSERT INTO einzahlung (pers_nr, kto_nr, betrag, datum) VALUES (10019, 31050036, 2854.71, '1998-10-24');
INSERT INTO einzahlung (pers_nr, kto_nr, betrag, datum) VALUES (10016, 31050051, 2713.9199, '1999-12-15');
INSERT INTO einzahlung (pers_nr, kto_nr, betrag, datum) VALUES (10053, 31050060, 5147.8398, '1997-11-23');
INSERT INTO einzahlung (pers_nr, kto_nr, betrag, datum) VALUES (10012, 31050034, 3847.3601, '1999-07-20');
INSERT INTO einzahlung (pers_nr, kto_nr, betrag, datum) VALUES (10053, 31050060, 1165.5601, '1998-05-20');
INSERT INTO einzahlung (pers_nr, kto_nr, betrag, datum) VALUES (10074, 31050088, 4350.1499, '1998-04-14');
INSERT INTO einzahlung (pers_nr, kto_nr, betrag, datum) VALUES (10029, 31050055, 2844.3899, '1998-01-27');
INSERT INTO einzahlung (pers_nr, kto_nr, betrag, datum) VALUES (10087, 31050102, 3135.74, '1998-09-14');
INSERT INTO einzahlung (pers_nr, kto_nr, betrag, datum) VALUES (10087, 31050102, 5826.48, '1998-03-08');
INSERT INTO einzahlung (pers_nr, kto_nr, betrag, datum) VALUES (10039, 31050072, 4551.6201, '1998-07-25');
INSERT INTO einzahlung (pers_nr, kto_nr, betrag, datum) VALUES (10024, 31050073, 2366.27, '1997-12-28');
INSERT INTO einzahlung (pers_nr, kto_nr, betrag, datum) VALUES (10080, 31050084, 3663.8899, '1998-01-19');
INSERT INTO einzahlung (pers_nr, kto_nr, betrag, datum) VALUES (10018, 31050094, 1507.87, '1997-09-04');
INSERT INTO einzahlung (pers_nr, kto_nr, betrag, datum) VALUES (10083, 31050039, 1970.23, '1997-01-18');
INSERT INTO einzahlung (pers_nr, kto_nr, betrag, datum) VALUES (10040, 31050096, 131.89, '1997-11-27');
INSERT INTO einzahlung (pers_nr, kto_nr, betrag, datum) VALUES (10024, 31050073, 5228.5601, '1999-10-14');
INSERT INTO einzahlung (pers_nr, kto_nr, betrag, datum) VALUES (10047, 31050023, 607.06, '1999-10-04');
INSERT INTO einzahlung (pers_nr, kto_nr, betrag, datum) VALUES (10046, 31050118, 9841.3496, '1997-04-05');
INSERT INTO einzahlung (pers_nr, kto_nr, betrag, datum) VALUES (10090, 31050022, 7757.6899, '1997-09-04');
INSERT INTO einzahlung (pers_nr, kto_nr, betrag, datum) VALUES (10054, 31050076, 342.48001, '1997-07-13');
INSERT INTO einzahlung (pers_nr, kto_nr, betrag, datum) VALUES (10046, 31050117, 5386.8198, '1999-11-30');
INSERT INTO einzahlung (pers_nr, kto_nr, betrag, datum) VALUES (10061, 31050058, 2276.51, '1997-09-21');
INSERT INTO einzahlung (pers_nr, kto_nr, betrag, datum) VALUES (10040, 31050103, 522.84998, '1998-03-18');
INSERT INTO einzahlung (pers_nr, kto_nr, betrag, datum) VALUES (10026, 31050068, 6929.25, '1997-04-27');
INSERT INTO einzahlung (pers_nr, kto_nr, betrag, datum) VALUES (10029, 31050085, 5585.9199, '1998-04-16');
INSERT INTO einzahlung (pers_nr, kto_nr, betrag, datum) VALUES (10027, 31050052, 4317.5298, '1998-10-25');
INSERT INTO einzahlung (pers_nr, kto_nr, betrag, datum) VALUES (10008, 31050056, 6583.0601, '1999-12-23');
INSERT INTO einzahlung (pers_nr, kto_nr, betrag, datum) VALUES (10052, 31050119, 4493.5, '1999-03-27');
INSERT INTO einzahlung (pers_nr, kto_nr, betrag, datum) VALUES (10085, 31050108, 1923.03, '1998-04-04');
INSERT INTO einzahlung (pers_nr, kto_nr, betrag, datum) VALUES (10065, 31050091, 1174.28, '1999-01-31');
INSERT INTO einzahlung (pers_nr, kto_nr, betrag, datum) VALUES (10037, 31050030, 4194.0698, '1997-03-27');
INSERT INTO einzahlung (pers_nr, kto_nr, betrag, datum) VALUES (10031, 31050057, 7994.21, '1998-11-16');
INSERT INTO einzahlung (pers_nr, kto_nr, betrag, datum) VALUES (10010, 31050028, 9451.6396, '1998-02-27');
INSERT INTO einzahlung (pers_nr, kto_nr, betrag, datum) VALUES (10039, 31050072, 7687.3799, '1998-10-04');
INSERT INTO einzahlung (pers_nr, kto_nr, betrag, datum) VALUES (10063, 31050029, 4323.5601, '1999-06-09');
INSERT INTO einzahlung (pers_nr, kto_nr, betrag, datum) VALUES (10058, 31050071, 464.67999, '1997-12-03');
INSERT INTO einzahlung (pers_nr, kto_nr, betrag, datum) VALUES (10037, 31050116, 4982.6899, '1998-05-19');
INSERT INTO einzahlung (pers_nr, kto_nr, betrag, datum) VALUES (10068, 31050087, 5531.6401, '1997-12-04');
INSERT INTO einzahlung (pers_nr, kto_nr, betrag, datum) VALUES (10018, 31050066, 7111.96, '1997-01-25');
INSERT INTO einzahlung (pers_nr, kto_nr, betrag, datum) VALUES (10090, 31050022, 6794.8501, '1998-11-15');
INSERT INTO einzahlung (pers_nr, kto_nr, betrag, datum) VALUES (10045, 31050065, 9319.8604, '1997-09-01');
INSERT INTO einzahlung (pers_nr, kto_nr, betrag, datum) VALUES (10067, 31050053, 4957.4199, '1997-09-26');
INSERT INTO einzahlung (pers_nr, kto_nr, betrag, datum) VALUES (10095, 31050113, 9592.7998, '1999-07-18');
INSERT INTO einzahlung (pers_nr, kto_nr, betrag, datum) VALUES (10059, 31050110, 9230, '1999-02-02');
INSERT INTO einzahlung (pers_nr, kto_nr, betrag, datum) VALUES (10051, 31050031, 7457.3701, '1999-04-30');
INSERT INTO einzahlung (pers_nr, kto_nr, betrag, datum) VALUES (10063, 31050029, 1931.1, '1997-01-09');
INSERT INTO einzahlung (pers_nr, kto_nr, betrag, datum) VALUES (10031, 31050057, 9083.29, '1997-12-24');
INSERT INTO einzahlung (pers_nr, kto_nr, betrag, datum) VALUES (10026, 31050086, 7071.5498, '1998-01-26');

INSERT INTO auszahlung (pers_nr, kto_nr, betrag, datum) VALUES (10031, 31050025, 1125.36, '1998-12-09');
INSERT INTO auszahlung (pers_nr, kto_nr, betrag, datum) VALUES (10031, 31050025, 470.32999, '1998-03-21');
INSERT INTO auszahlung (pers_nr, kto_nr, betrag, datum) VALUES (10066, 31050090, 552.26001, '1997-05-06');
INSERT INTO auszahlung (pers_nr, kto_nr, betrag, datum) VALUES (10005, 31050075, 9222.4805, '1997-01-07');
INSERT INTO auszahlung (pers_nr, kto_nr, betrag, datum) VALUES (10091, 31050115, 469.07999, '1999-02-25');
INSERT INTO auszahlung (pers_nr, kto_nr, betrag, datum) VALUES (10042, 31050081, 2711.79, '1999-11-19');
INSERT INTO auszahlung (pers_nr, kto_nr, betrag, datum) VALUES (10067, 31050053, 8263.9697, '1998-09-07');
INSERT INTO auszahlung (pers_nr, kto_nr, betrag, datum) VALUES (10095, 31050113, 678.56, '1999-06-12');
INSERT INTO auszahlung (pers_nr, kto_nr, betrag, datum) VALUES (10032, 31050042, 9624.1797, '1998-11-11');
INSERT INTO auszahlung (pers_nr, kto_nr, betrag, datum) VALUES (10027, 31050052, 5471.4199, '1998-10-12');
INSERT INTO auszahlung (pers_nr, kto_nr, betrag, datum) VALUES (10046, 31050118, 1171.62, '1998-11-26');
INSERT INTO auszahlung (pers_nr, kto_nr, betrag, datum) VALUES (10026, 31050068, 4232.0298, '1997-10-21');
INSERT INTO auszahlung (pers_nr, kto_nr, betrag, datum) VALUES (10074, 31050088, 7766.4399, '1999-02-26');
INSERT INTO auszahlung (pers_nr, kto_nr, betrag, datum) VALUES (10005, 31050075, 6109.0498, '1997-09-11');
INSERT INTO auszahlung (pers_nr, kto_nr, betrag, datum) VALUES (10033, 31050037, 2209.21, '1997-06-06');
INSERT INTO auszahlung (pers_nr, kto_nr, betrag, datum) VALUES (10028, 31050089, 2201.0701, '1998-07-08');
INSERT INTO auszahlung (pers_nr, kto_nr, betrag, datum) VALUES (10042, 31050081, 5783.9102, '1997-06-12');
INSERT INTO auszahlung (pers_nr, kto_nr, betrag, datum) VALUES (10031, 31050025, 1798.48, '1997-01-13');
INSERT INTO auszahlung (pers_nr, kto_nr, betrag, datum) VALUES (10088, 31050044, 4935.7998, '1999-09-06');
INSERT INTO auszahlung (pers_nr, kto_nr, betrag, datum) VALUES (10074, 31050088, 7806.0698, '1997-03-04');
INSERT INTO auszahlung (pers_nr, kto_nr, betrag, datum) VALUES (10019, 31050046, 5988, '1997-04-28');
INSERT INTO auszahlung (pers_nr, kto_nr, betrag, datum) VALUES (10008, 31050056, 6390.7202, '1999-11-09');
INSERT INTO auszahlung (pers_nr, kto_nr, betrag, datum) VALUES (10066, 31050090, 1955.26, '1998-09-01');
INSERT INTO auszahlung (pers_nr, kto_nr, betrag, datum) VALUES (10038, 31050082, 8953.9404, '1998-01-09');
INSERT INTO auszahlung (pers_nr, kto_nr, betrag, datum) VALUES (10089, 31050120, 414.87, '1997-09-23');
INSERT INTO auszahlung (pers_nr, kto_nr, betrag, datum) VALUES (10049, 31050021, 4637.2598, '1998-03-30');
INSERT INTO auszahlung (pers_nr, kto_nr, betrag, datum) VALUES (10061, 31050111, 6840.4502, '1999-09-15');
INSERT INTO auszahlung (pers_nr, kto_nr, betrag, datum) VALUES (10061, 31050111, 168.17, '1998-01-24');
INSERT INTO auszahlung (pers_nr, kto_nr, betrag, datum) VALUES (10053, 31050060, 8495.2598, '1999-02-02');
INSERT INTO auszahlung (pers_nr, kto_nr, betrag, datum) VALUES (10091, 31050115, 4230.8301, '1999-01-12');
INSERT INTO auszahlung (pers_nr, kto_nr, betrag, datum) VALUES (10029, 31050085, 3833.26, '1998-07-03');
INSERT INTO auszahlung (pers_nr, kto_nr, betrag, datum) VALUES (10042, 31050081, 585.79999, '1997-06-27');
INSERT INTO auszahlung (pers_nr, kto_nr, betrag, datum) VALUES (10028, 31050089, 3261.77, '1997-10-13');
INSERT INTO auszahlung (pers_nr, kto_nr, betrag, datum) VALUES (10073, 31050100, 7556.0898, '1997-04-12');
INSERT INTO auszahlung (pers_nr, kto_nr, betrag, datum) VALUES (10005, 31050075, 8936.9404, '1998-03-31');
INSERT INTO auszahlung (pers_nr, kto_nr, betrag, datum) VALUES (10042, 31050050, 1558.25, '1997-01-15');
INSERT INTO auszahlung (pers_nr, kto_nr, betrag, datum) VALUES (10036, 31050045, 1572.27, '1997-01-01');
INSERT INTO auszahlung (pers_nr, kto_nr, betrag, datum) VALUES (10072, 31050095, 3600.8201, '1997-04-29');
INSERT INTO auszahlung (pers_nr, kto_nr, betrag, datum) VALUES (10019, 31050036, 2481.8401, '1997-01-01');
INSERT INTO auszahlung (pers_nr, kto_nr, betrag, datum) VALUES (10099, 31050104, 212.25, '1998-02-01');
INSERT INTO auszahlung (pers_nr, kto_nr, betrag, datum) VALUES (10066, 31050090, 5834.0898, '1998-02-07');
INSERT INTO auszahlung (pers_nr, kto_nr, betrag, datum) VALUES (10049, 31050021, 7328.5698, '1999-10-28');
INSERT INTO auszahlung (pers_nr, kto_nr, betrag, datum) VALUES (10043, 31050083, 2987.1499, '1997-01-19');
INSERT INTO auszahlung (pers_nr, kto_nr, betrag, datum) VALUES (10095, 31050113, 6547.4399, '1999-06-04');
INSERT INTO auszahlung (pers_nr, kto_nr, betrag, datum) VALUES (10074, 31050088, 6049.8799, '1999-11-26');
INSERT INTO auszahlung (pers_nr, kto_nr, betrag, datum) VALUES (10029, 31050064, 396.48999, '1997-08-07');
INSERT INTO auszahlung (pers_nr, kto_nr, betrag, datum) VALUES (10067, 31050053, 194.89999, '1997-12-23');
INSERT INTO auszahlung (pers_nr, kto_nr, betrag, datum) VALUES (10016, 31050107, 2638.1899, '1998-02-13');
INSERT INTO auszahlung (pers_nr, kto_nr, betrag, datum) VALUES (10085, 31050108, 2454.95, '1997-04-24');
INSERT INTO auszahlung (pers_nr, kto_nr, betrag, datum) VALUES (10028, 31050089, 1771.47, '1997-02-18');
INSERT INTO auszahlung (pers_nr, kto_nr, betrag, datum) VALUES (10067, 31050048, 8967.2598, '1999-03-29');
INSERT INTO auszahlung (pers_nr, kto_nr, betrag, datum) VALUES (10054, 31050097, 440.89999, '1997-01-05');
INSERT INTO auszahlung (pers_nr, kto_nr, betrag, datum) VALUES (10058, 31050071, 6341.21, '1999-10-16');
INSERT INTO auszahlung (pers_nr, kto_nr, betrag, datum) VALUES (10010, 31050074, 9655.4697, '1998-08-31');
INSERT INTO auszahlung (pers_nr, kto_nr, betrag, datum) VALUES (10090, 31050022, 166.25, '1997-12-16');
INSERT INTO auszahlung (pers_nr, kto_nr, betrag, datum) VALUES (10031, 31050057, 951.06, '1998-10-17');
INSERT INTO auszahlung (pers_nr, kto_nr, betrag, datum) VALUES (10067, 31050053, 3851.1001, '1997-04-06');
INSERT INTO auszahlung (pers_nr, kto_nr, betrag, datum) VALUES (10084, 31050098, 5067.25, '1999-02-08');
INSERT INTO auszahlung (pers_nr, kto_nr, betrag, datum) VALUES (10054, 31050097, 1518.1899, '1998-10-20');
INSERT INTO auszahlung (pers_nr, kto_nr, betrag, datum) VALUES (10073, 31050100, 9503.04, '1997-03-14');
INSERT INTO auszahlung (pers_nr, kto_nr, betrag, datum) VALUES (10065, 31050112, 1620.48, '1999-11-19');
INSERT INTO auszahlung (pers_nr, kto_nr, betrag, datum) VALUES (10068, 31050106, 3754.6499, '1999-10-18');
INSERT INTO auszahlung (pers_nr, kto_nr, betrag, datum) VALUES (10095, 31050113, 5172.3599, '1997-05-05');
INSERT INTO auszahlung (pers_nr, kto_nr, betrag, datum) VALUES (10066, 31050090, 7625.1099, '1999-12-09');
INSERT INTO auszahlung (pers_nr, kto_nr, betrag, datum) VALUES (10030, 31050079, 1192.5601, '1997-11-09');
INSERT INTO auszahlung (pers_nr, kto_nr, betrag, datum) VALUES (10026, 31050086, 5455.5898, '1997-01-13');
INSERT INTO auszahlung (pers_nr, kto_nr, betrag, datum) VALUES (10030, 31050079, 2878.6599, '1999-06-21');
INSERT INTO auszahlung (pers_nr, kto_nr, betrag, datum) VALUES (10074, 31050088, 6971.9702, '1997-04-07');
INSERT INTO auszahlung (pers_nr, kto_nr, betrag, datum) VALUES (10012, 31050034, 440.39001, '1998-03-23');
INSERT INTO auszahlung (pers_nr, kto_nr, betrag, datum) VALUES (10029, 31050055, 9560.7695, '1997-03-14');
INSERT INTO auszahlung (pers_nr, kto_nr, betrag, datum) VALUES (10042, 31050054, 9118.7002, '1998-03-16');
INSERT INTO auszahlung (pers_nr, kto_nr, betrag, datum) VALUES (10083, 31050039, 4570.2002, '1997-05-19');
INSERT INTO auszahlung (pers_nr, kto_nr, betrag, datum) VALUES (10016, 31050051, 5317.8901, '1999-07-28');
INSERT INTO auszahlung (pers_nr, kto_nr, betrag, datum) VALUES (10052, 31050119, 6717.54, '1998-04-16');
INSERT INTO auszahlung (pers_nr, kto_nr, betrag, datum) VALUES (10052, 31050119, 9154.6504, '1997-01-28');
INSERT INTO auszahlung (pers_nr, kto_nr, betrag, datum) VALUES (10073, 31050092, 4172.9902, '1999-09-16');
INSERT INTO auszahlung (pers_nr, kto_nr, betrag, datum) VALUES (10027, 31050024, 2412.95, '1998-06-14');
INSERT INTO auszahlung (pers_nr, kto_nr, betrag, datum) VALUES (10054, 31050097, 5838.6899, '1997-11-07');
INSERT INTO auszahlung (pers_nr, kto_nr, betrag, datum) VALUES (10070, 31050038, 5964.29, '1998-02-16');
INSERT INTO auszahlung (pers_nr, kto_nr, betrag, datum) VALUES (10090, 31050022, 9088.9902, '1998-12-04');
INSERT INTO auszahlung (pers_nr, kto_nr, betrag, datum) VALUES (10078, 31050033, 9000.9502, '1999-10-19');
INSERT INTO auszahlung (pers_nr, kto_nr, betrag, datum) VALUES (10024, 31050067, 1787.86, '1999-04-22');
INSERT INTO auszahlung (pers_nr, kto_nr, betrag, datum) VALUES (10064, 31050080, 5626.79, '1998-10-25');
INSERT INTO auszahlung (pers_nr, kto_nr, betrag, datum) VALUES (10012, 31050034, 9495, '1997-12-06');
INSERT INTO auszahlung (pers_nr, kto_nr, betrag, datum) VALUES (10094, 31050069, 3126.1599, '1997-08-01');
INSERT INTO auszahlung (pers_nr, kto_nr, betrag, datum) VALUES (10039, 31050072, 1602.46, '1998-03-07');
INSERT INTO auszahlung (pers_nr, kto_nr, betrag, datum) VALUES (10005, 31050032, 9532.7197, '1997-11-30');
INSERT INTO auszahlung (pers_nr, kto_nr, betrag, datum) VALUES (10013, 31050059, 4021.8501, '1997-01-30');
INSERT INTO auszahlung (pers_nr, kto_nr, betrag, datum) VALUES (10010, 31050028, 4477.1699, '1998-10-29');
INSERT INTO auszahlung (pers_nr, kto_nr, betrag, datum) VALUES (10078, 31050033, 8666.9502, '1998-03-10');
INSERT INTO auszahlung (pers_nr, kto_nr, betrag, datum) VALUES (10067, 31050053, 6774.4399, '1998-10-27');
INSERT INTO auszahlung (pers_nr, kto_nr, betrag, datum) VALUES (10019, 31050046, 6158.6802, '1999-09-14');
INSERT INTO auszahlung (pers_nr, kto_nr, betrag, datum) VALUES (10037, 31050116, 333.26001, '1999-08-25');
INSERT INTO auszahlung (pers_nr, kto_nr, betrag, datum) VALUES (10029, 31050085, 5372.7002, '1999-04-12');
INSERT INTO auszahlung (pers_nr, kto_nr, betrag, datum) VALUES (10046, 31050118, 8466.2998, '1998-08-26');
INSERT INTO auszahlung (pers_nr, kto_nr, betrag, datum) VALUES (10031, 31050025, 2160.45, '1998-09-10');
INSERT INTO auszahlung (pers_nr, kto_nr, betrag, datum) VALUES (10028, 31050089, 9201.6299, '1998-09-25');
INSERT INTO auszahlung (pers_nr, kto_nr, betrag, datum) VALUES (10043, 31050083, 1362.86, '1998-09-26');
INSERT INTO auszahlung (pers_nr, kto_nr, betrag, datum) VALUES (10095, 31050113, 1902.09, '1998-06-22');
INSERT INTO auszahlung (pers_nr, kto_nr, betrag, datum) VALUES (10058, 31050071, 1031.3101, '1999-05-03');
INSERT INTO auszahlung (pers_nr, kto_nr, betrag, datum) VALUES (10054, 31050097, 9932.7695, '1999-06-22');
INSERT INTO auszahlung (pers_nr, kto_nr, betrag, datum) VALUES (10012, 31050047, 1981.21, '1998-05-30');
INSERT INTO auszahlung (pers_nr, kto_nr, betrag, datum) VALUES (10072, 31050095, 1433.05, '1999-09-12');
INSERT INTO auszahlung (pers_nr, kto_nr, betrag, datum) VALUES (10094, 31050069, 7299.02, '1997-07-26');
INSERT INTO auszahlung (pers_nr, kto_nr, betrag, datum) VALUES (10024, 31050073, 6957.4302, '1997-08-23');
INSERT INTO auszahlung (pers_nr, kto_nr, betrag, datum) VALUES (10029, 31050055, 5276.5601, '1998-01-19');
INSERT INTO auszahlung (pers_nr, kto_nr, betrag, datum) VALUES (10054, 31050097, 7140.6401, '1998-02-16');
INSERT INTO auszahlung (pers_nr, kto_nr, betrag, datum) VALUES (10026, 31050068, 8829.8604, '1997-02-26');
INSERT INTO auszahlung (pers_nr, kto_nr, betrag, datum) VALUES (10018, 31050066, 456.41, '1997-02-10');
INSERT INTO auszahlung (pers_nr, kto_nr, betrag, datum) VALUES (10084, 31050098, 5338.8301, '1999-05-16');
INSERT INTO auszahlung (pers_nr, kto_nr, betrag, datum) VALUES (10073, 31050049, 2504.04, '1998-07-18');
INSERT INTO auszahlung (pers_nr, kto_nr, betrag, datum) VALUES (10081, 31050077, 7465.4102, '1999-05-18');
INSERT INTO auszahlung (pers_nr, kto_nr, betrag, datum) VALUES (10042, 31050050, 7921.7598, '1997-05-21');
INSERT INTO auszahlung (pers_nr, kto_nr, betrag, datum) VALUES (10036, 31050045, 6249.3198, '1998-06-12');
INSERT INTO auszahlung (pers_nr, kto_nr, betrag, datum) VALUES (10008, 31050056, 4762.1201, '1998-06-01');
INSERT INTO auszahlung (pers_nr, kto_nr, betrag, datum) VALUES (10064, 31050080, 6651.8599, '1997-10-25');
INSERT INTO auszahlung (pers_nr, kto_nr, betrag, datum) VALUES (10026, 31050086, 1798, '1997-01-28');
INSERT INTO auszahlung (pers_nr, kto_nr, betrag, datum) VALUES (10061, 31050111, 1207.0601, '1999-11-23');
INSERT INTO auszahlung (pers_nr, kto_nr, betrag, datum) VALUES (10054, 31050076, 1231.08, '1998-01-23');
INSERT INTO auszahlung (pers_nr, kto_nr, betrag, datum) VALUES (10063, 31050029, 6883.9399, '1998-05-30');
INSERT INTO auszahlung (pers_nr, kto_nr, betrag, datum) VALUES (10074, 31050088, 5477.77, '1998-02-18');
INSERT INTO auszahlung (pers_nr, kto_nr, betrag, datum) VALUES (10044, 31050109, 3570.99, '1998-03-30');
INSERT INTO auszahlung (pers_nr, kto_nr, betrag, datum) VALUES (10018, 31050066, 3092.9399, '1999-06-10');
INSERT INTO auszahlung (pers_nr, kto_nr, betrag, datum) VALUES (10080, 31050084, 4982.2002, '1997-05-18');
INSERT INTO auszahlung (pers_nr, kto_nr, betrag, datum) VALUES (10059, 31050093, 4949.3901, '1998-07-25');
INSERT INTO auszahlung (pers_nr, kto_nr, betrag, datum) VALUES (10081, 31050077, 9085.8604, '1997-08-30');
INSERT INTO auszahlung (pers_nr, kto_nr, betrag, datum) VALUES (10005, 31050075, 7871.7202, '1997-06-23');
INSERT INTO auszahlung (pers_nr, kto_nr, betrag, datum) VALUES (10029, 31050085, 9367.1904, '1998-05-25');
INSERT INTO auszahlung (pers_nr, kto_nr, betrag, datum) VALUES (10099, 31050104, 1683.22, '1998-05-06');
INSERT INTO auszahlung (pers_nr, kto_nr, betrag, datum) VALUES (10010, 31050028, 2250.3601, '1999-08-28');
INSERT INTO auszahlung (pers_nr, kto_nr, betrag, datum) VALUES (10030, 31050079, 3735.8401, '1999-12-06');
INSERT INTO auszahlung (pers_nr, kto_nr, betrag, datum) VALUES (10033, 31050037, 5293.8398, '1999-03-19');
INSERT INTO auszahlung (pers_nr, kto_nr, betrag, datum) VALUES (10096, 31050099, 2710.1399, '1997-02-05');
INSERT INTO auszahlung (pers_nr, kto_nr, betrag, datum) VALUES (10043, 31050035, 4751.27, '1999-01-27');
INSERT INTO auszahlung (pers_nr, kto_nr, betrag, datum) VALUES (10012, 31050034, 3980.6201, '1999-12-31');
INSERT INTO auszahlung (pers_nr, kto_nr, betrag, datum) VALUES (10087, 31050102, 6115.6899, '1998-09-26');
INSERT INTO auszahlung (pers_nr, kto_nr, betrag, datum) VALUES (10072, 31050095, 4822.3101, '1997-10-16');
INSERT INTO auszahlung (pers_nr, kto_nr, betrag, datum) VALUES (10045, 31050065, 8625.4502, '1997-01-31');
INSERT INTO auszahlung (pers_nr, kto_nr, betrag, datum) VALUES (10067, 31050053, 8816.9004, '1997-08-29');
INSERT INTO auszahlung (pers_nr, kto_nr, betrag, datum) VALUES (10038, 31050082, 4790.8901, '1997-04-30');
INSERT INTO auszahlung (pers_nr, kto_nr, betrag, datum) VALUES (10061, 31050058, 9854.8496, '1997-08-14');
INSERT INTO auszahlung (pers_nr, kto_nr, betrag, datum) VALUES (10058, 31050071, 4945.71, '1999-11-07');
INSERT INTO auszahlung (pers_nr, kto_nr, betrag, datum) VALUES (10026, 31050086, 6412.6299, '1998-09-03');
INSERT INTO auszahlung (pers_nr, kto_nr, betrag, datum) VALUES (10088, 31050044, 7271.27, '1997-02-06');
INSERT INTO auszahlung (pers_nr, kto_nr, betrag, datum) VALUES (10061, 31050111, 6174.23, '1999-06-21');
INSERT INTO auszahlung (pers_nr, kto_nr, betrag, datum) VALUES (10039, 31050072, 1791.1899, '1998-08-12');
INSERT INTO auszahlung (pers_nr, kto_nr, betrag, datum) VALUES (10094, 31050062, 6258.3398, '1999-07-05');
INSERT INTO auszahlung (pers_nr, kto_nr, betrag, datum) VALUES (10070, 31050038, 2584.0901, '1999-09-19');
INSERT INTO auszahlung (pers_nr, kto_nr, betrag, datum) VALUES (10010, 31050074, 5726.9902, '1999-07-19');
INSERT INTO auszahlung (pers_nr, kto_nr, betrag, datum) VALUES (10024, 31050067, 4391.2202, '1999-11-25');
INSERT INTO auszahlung (pers_nr, kto_nr, betrag, datum) VALUES (10054, 31050097, 6364.23, '1998-03-07');
INSERT INTO auszahlung (pers_nr, kto_nr, betrag, datum) VALUES (10010, 31050028, 8923.6201, '1998-09-07');
INSERT INTO auszahlung (pers_nr, kto_nr, betrag, datum) VALUES (10066, 31050090, 1131.6899, '1999-05-08');
INSERT INTO auszahlung (pers_nr, kto_nr, betrag, datum) VALUES (10082, 31050063, 8295.0996, '1997-12-16');
INSERT INTO auszahlung (pers_nr, kto_nr, betrag, datum) VALUES (10091, 31050115, 1293.16, '1997-01-25');
INSERT INTO auszahlung (pers_nr, kto_nr, betrag, datum) VALUES (10005, 31050075, 4391.3799, '1997-10-11');
INSERT INTO auszahlung (pers_nr, kto_nr, betrag, datum) VALUES (10059, 31050110, 4979.9399, '1999-06-20');
INSERT INTO auszahlung (pers_nr, kto_nr, betrag, datum) VALUES (10046, 31050118, 962.64001, '1999-09-22');
INSERT INTO auszahlung (pers_nr, kto_nr, betrag, datum) VALUES (10084, 31050098, 5665.7998, '1998-04-23');
INSERT INTO auszahlung (pers_nr, kto_nr, betrag, datum) VALUES (10052, 31050119, 3108.4399, '1999-04-22');
INSERT INTO auszahlung (pers_nr, kto_nr, betrag, datum) VALUES (10027, 31050026, 2744.47, '1998-07-28');
INSERT INTO auszahlung (pers_nr, kto_nr, betrag, datum) VALUES (10042, 31050050, 3148.3401, '1998-12-25');
INSERT INTO auszahlung (pers_nr, kto_nr, betrag, datum) VALUES (10099, 31050104, 681.95001, '1998-12-15');
INSERT INTO auszahlung (pers_nr, kto_nr, betrag, datum) VALUES (10032, 31050042, 6269.29, '1997-10-22');
INSERT INTO auszahlung (pers_nr, kto_nr, betrag, datum) VALUES (10065, 31050091, 7604.9702, '1999-05-05');
INSERT INTO auszahlung (pers_nr, kto_nr, betrag, datum) VALUES (10008, 31050056, 7771.7598, '1999-05-11');
INSERT INTO auszahlung (pers_nr, kto_nr, betrag, datum) VALUES (10005, 31050032, 8827.9502, '1999-01-15');
INSERT INTO auszahlung (pers_nr, kto_nr, betrag, datum) VALUES (10033, 31050037, 1260.88, '1999-12-18');
INSERT INTO auszahlung (pers_nr, kto_nr, betrag, datum) VALUES (10024, 31050073, 2146.6201, '1998-06-16');
INSERT INTO auszahlung (pers_nr, kto_nr, betrag, datum) VALUES (10046, 31050118, 8319.4102, '1999-07-30');
INSERT INTO auszahlung (pers_nr, kto_nr, betrag, datum) VALUES (10061, 31050111, 9316.25, '1999-01-26');
INSERT INTO auszahlung (pers_nr, kto_nr, betrag, datum) VALUES (10029, 31050055, 1205.8199, '1999-01-08');
INSERT INTO auszahlung (pers_nr, kto_nr, betrag, datum) VALUES (10087, 31050102, 9422.1602, '1997-03-08');
INSERT INTO auszahlung (pers_nr, kto_nr, betrag, datum) VALUES (10026, 31050086, 4676.8901, '1999-03-18');
INSERT INTO auszahlung (pers_nr, kto_nr, betrag, datum) VALUES (10027, 31050052, 4490.0698, '1997-08-08');
INSERT INTO auszahlung (pers_nr, kto_nr, betrag, datum) VALUES (10047, 31050023, 9299.0898, '1997-02-25');
INSERT INTO auszahlung (pers_nr, kto_nr, betrag, datum) VALUES (10066, 31050090, 9902.6797, '1998-03-14');
INSERT INTO auszahlung (pers_nr, kto_nr, betrag, datum) VALUES (10019, 31050041, 2871.55, '1998-05-01');
INSERT INTO auszahlung (pers_nr, kto_nr, betrag, datum) VALUES (10010, 31050028, 9897.0596, '1999-02-16');
INSERT INTO auszahlung (pers_nr, kto_nr, betrag, datum) VALUES (10010, 31050028, 6590.1499, '1997-06-13');
INSERT INTO auszahlung (pers_nr, kto_nr, betrag, datum) VALUES (10052, 31050119, 6713.96, '1997-05-14');
INSERT INTO auszahlung (pers_nr, kto_nr, betrag, datum) VALUES (10059, 31050093, 7443.6201, '1997-03-27');
INSERT INTO auszahlung (pers_nr, kto_nr, betrag, datum) VALUES (10019, 31050036, 7319.6001, '1998-11-17');
INSERT INTO auszahlung (pers_nr, kto_nr, betrag, datum) VALUES (10005, 31050075, 4809.5698, '1998-08-29');
INSERT INTO auszahlung (pers_nr, kto_nr, betrag, datum) VALUES (10088, 31050044, 8375.9297, '1999-10-09');
INSERT INTO auszahlung (pers_nr, kto_nr, betrag, datum) VALUES (10043, 31050035, 2171.3999, '1999-08-13');
INSERT INTO auszahlung (pers_nr, kto_nr, betrag, datum) VALUES (10033, 31050037, 2960.1499, '1998-01-02');
INSERT INTO auszahlung (pers_nr, kto_nr, betrag, datum) VALUES (10046, 31050118, 5371.2598, '1997-01-09');
INSERT INTO auszahlung (pers_nr, kto_nr, betrag, datum) VALUES (10037, 31050116, 8601.3701, '1997-12-24');
INSERT INTO auszahlung (pers_nr, kto_nr, betrag, datum) VALUES (10019, 31050036, 4592.4102, '1998-08-10');
INSERT INTO auszahlung (pers_nr, kto_nr, betrag, datum) VALUES (10037, 31050030, 1714.84, '1997-06-25');
INSERT INTO auszahlung (pers_nr, kto_nr, betrag, datum) VALUES (10070, 31050105, 4789.1099, '1997-01-01');
INSERT INTO auszahlung (pers_nr, kto_nr, betrag, datum) VALUES (10040, 31050096, 2032.7, '1999-09-17');
INSERT INTO auszahlung (pers_nr, kto_nr, betrag, datum) VALUES (10027, 31050026, 1737.39, '1998-05-23');
INSERT INTO auszahlung (pers_nr, kto_nr, betrag, datum) VALUES (10031, 31050057, 9083.5801, '1997-02-20');
INSERT INTO auszahlung (pers_nr, kto_nr, betrag, datum) VALUES (10073, 31050049, 6724.4702, '1998-05-15');
INSERT INTO auszahlung (pers_nr, kto_nr, betrag, datum) VALUES (10053, 31050043, 500.85999, '1998-09-05');
INSERT INTO auszahlung (pers_nr, kto_nr, betrag, datum) VALUES (10099, 31050104, 1977.1899, '1997-03-13');
INSERT INTO auszahlung (pers_nr, kto_nr, betrag, datum) VALUES (10068, 31050087, 7473.5801, '1997-05-11');
INSERT INTO auszahlung (pers_nr, kto_nr, betrag, datum) VALUES (10094, 31050069, 7416.8901, '1997-04-10');
INSERT INTO auszahlung (pers_nr, kto_nr, betrag, datum) VALUES (10051, 31050031, 6999.1299, '1999-04-23');
INSERT INTO auszahlung (pers_nr, kto_nr, betrag, datum) VALUES (10068, 31050087, 1309.66, '1997-11-16');
INSERT INTO auszahlung (pers_nr, kto_nr, betrag, datum) VALUES (10053, 31050114, 5005.25, '1998-12-11');
INSERT INTO auszahlung (pers_nr, kto_nr, betrag, datum) VALUES (10018, 31050094, 9063.0898, '1997-05-21');
INSERT INTO auszahlung (pers_nr, kto_nr, betrag, datum) VALUES (10054, 31050076, 9405.0801, '1998-09-21');
INSERT INTO auszahlung (pers_nr, kto_nr, betrag, datum) VALUES (10037, 31050030, 2495.6299, '1997-06-26');
INSERT INTO auszahlung (pers_nr, kto_nr, betrag, datum) VALUES (10014, 31050070, 2303.9399, '1997-03-29');
INSERT INTO auszahlung (pers_nr, kto_nr, betrag, datum) VALUES (10027, 31050052, 8035.3398, '1999-12-20');
INSERT INTO auszahlung (pers_nr, kto_nr, betrag, datum) VALUES (10026, 31050086, 6981.8301, '1999-02-10');
INSERT INTO auszahlung (pers_nr, kto_nr, betrag, datum) VALUES (10028, 31050089, 6760.8999, '1998-02-23');
INSERT INTO auszahlung (pers_nr, kto_nr, betrag, datum) VALUES (10052, 31050119, 1001.42, '1998-01-18');
INSERT INTO auszahlung (pers_nr, kto_nr, betrag, datum) VALUES (10019, 31050041, 1661.3199, '1999-02-02');
INSERT INTO auszahlung (pers_nr, kto_nr, betrag, datum) VALUES (10085, 31050108, 1352.55, '1998-10-19');
INSERT INTO auszahlung (pers_nr, kto_nr, betrag, datum) VALUES (10068, 31050087, 5137.3799, '1998-06-02');
INSERT INTO auszahlung (pers_nr, kto_nr, betrag, datum) VALUES (10005, 31050032, 7022.27, '1997-09-28');
INSERT INTO auszahlung (pers_nr, kto_nr, betrag, datum) VALUES (10024, 31050067, 5058.77, '1997-01-24');
INSERT INTO auszahlung (pers_nr, kto_nr, betrag, datum) VALUES (10029, 31050085, 2950.8401, '1997-04-30');
INSERT INTO auszahlung (pers_nr, kto_nr, betrag, datum) VALUES (10010, 31050028, 5228.0601, '1997-01-19');
INSERT INTO auszahlung (pers_nr, kto_nr, betrag, datum) VALUES (10070, 31050038, 2578.8701, '1998-08-19');
INSERT INTO auszahlung (pers_nr, kto_nr, betrag, datum) VALUES (10068, 31050106, 7344.8799, '1997-11-02');
INSERT INTO auszahlung (pers_nr, kto_nr, betrag, datum) VALUES (10088, 31050044, 4691.1001, '1998-02-20');
INSERT INTO auszahlung (pers_nr, kto_nr, betrag, datum) VALUES (10052, 31050119, 8979.7402, '1999-10-20');
INSERT INTO auszahlung (pers_nr, kto_nr, betrag, datum) VALUES (10065, 31050112, 7856.5698, '1997-03-17');
INSERT INTO auszahlung (pers_nr, kto_nr, betrag, datum) VALUES (10058, 31050071, 506, '1998-11-06');
INSERT INTO auszahlung (pers_nr, kto_nr, betrag, datum) VALUES (10030, 31050079, 262.63, '1998-02-23');
INSERT INTO auszahlung (pers_nr, kto_nr, betrag, datum) VALUES (10084, 31050098, 4429.02, '1998-05-17');
INSERT INTO auszahlung (pers_nr, kto_nr, betrag, datum) VALUES (10049, 31050021, 7415.9502, '1997-01-20');
INSERT INTO auszahlung (pers_nr, kto_nr, betrag, datum) VALUES (10061, 31050111, 5356.1299, '1999-01-29');
INSERT INTO auszahlung (pers_nr, kto_nr, betrag, datum) VALUES (10042, 31050050, 2646.25, '1999-11-23');
INSERT INTO auszahlung (pers_nr, kto_nr, betrag, datum) VALUES (10067, 31050053, 1492.84, '1998-01-20');
INSERT INTO auszahlung (pers_nr, kto_nr, betrag, datum) VALUES (10029, 31050085, 4151.8999, '1999-01-01');
INSERT INTO auszahlung (pers_nr, kto_nr, betrag, datum) VALUES (10096, 31050099, 4565.29, '1998-10-03');
INSERT INTO auszahlung (pers_nr, kto_nr, betrag, datum) VALUES (10010, 31050074, 4672.1602, '1999-04-17');
INSERT INTO auszahlung (pers_nr, kto_nr, betrag, datum) VALUES (10016, 31050051, 2135.8601, '1999-04-13');
INSERT INTO auszahlung (pers_nr, kto_nr, betrag, datum) VALUES (10044, 31050109, 5898.9302, '1997-11-03');
INSERT INTO auszahlung (pers_nr, kto_nr, betrag, datum) VALUES (10019, 31050046, 7463.1099, '1997-11-20');
INSERT INTO auszahlung (pers_nr, kto_nr, betrag, datum) VALUES (10052, 31050119, 9029.5596, '1999-10-02');
INSERT INTO auszahlung (pers_nr, kto_nr, betrag, datum) VALUES (10027, 31050052, 6566.5, '1999-07-10');
INSERT INTO auszahlung (pers_nr, kto_nr, betrag, datum) VALUES (10027, 31050026, 656.90002, '1997-10-13');
INSERT INTO auszahlung (pers_nr, kto_nr, betrag, datum) VALUES (10061, 31050111, 3899.01, '1997-08-10');
INSERT INTO auszahlung (pers_nr, kto_nr, betrag, datum) VALUES (10040, 31050096, 2146.9299, '1997-12-06');
INSERT INTO auszahlung (pers_nr, kto_nr, betrag, datum) VALUES (10059, 31050093, 2207.4299, '1998-05-07');
INSERT INTO auszahlung (pers_nr, kto_nr, betrag, datum) VALUES (10028, 31050089, 6391.7402, '1997-06-13');
INSERT INTO auszahlung (pers_nr, kto_nr, betrag, datum) VALUES (10061, 31050111, 9604.04, '1998-05-23');
INSERT INTO auszahlung (pers_nr, kto_nr, betrag, datum) VALUES (10081, 31050077, 8363, '1999-02-28');
INSERT INTO auszahlung (pers_nr, kto_nr, betrag, datum) VALUES (10019, 31050036, 8320.2197, '1997-12-05');
INSERT INTO auszahlung (pers_nr, kto_nr, betrag, datum) VALUES (10073, 31050049, 2458.2, '1998-12-16');
INSERT INTO auszahlung (pers_nr, kto_nr, betrag, datum) VALUES (10046, 31050061, 7979.5498, '1998-07-23');
INSERT INTO auszahlung (pers_nr, kto_nr, betrag, datum) VALUES (10032, 31050042, 3901.3601, '1999-08-13');
INSERT INTO auszahlung (pers_nr, kto_nr, betrag, datum) VALUES (10059, 31050110, 4038.3301, '1998-12-28');


INSERT INTO ueberweisung (von_pers_nr, von_kto_nr, an_pers_nr, an_kto_nr, verwendungszweck, betrag, datum) VALUES (10039, 31050072, 10029, 31050085, 'Gebuehr', 148.35001, '1997-03-18');
INSERT INTO ueberweisung (von_pers_nr, von_kto_nr, an_pers_nr, an_kto_nr, verwendungszweck, betrag, datum) VALUES (10054, 31050076, 10012, 31050034, 'Verguetung', 753.35999, '1997-04-28');
INSERT INTO ueberweisung (von_pers_nr, von_kto_nr, an_pers_nr, an_kto_nr, verwendungszweck, betrag, datum) VALUES (10065, 31050091, 10061, 31050111, 'Unterhalt', 464.98001, '1999-11-24');
INSERT INTO ueberweisung (von_pers_nr, von_kto_nr, an_pers_nr, an_kto_nr, verwendungszweck, betrag, datum) VALUES (10019, 31050046, 10090, 31050022, 'Rechnung', 851.46002, '1997-12-18');
INSERT INTO ueberweisung (von_pers_nr, von_kto_nr, an_pers_nr, an_kto_nr, verwendungszweck, betrag, datum) VALUES (10091, 31050115, 10053, 31050060, 'Miete', 41.669998, '1999-10-13');
INSERT INTO ueberweisung (von_pers_nr, von_kto_nr, an_pers_nr, an_kto_nr, verwendungszweck, betrag, datum) VALUES (10070, 31050105, 10061, 31050111, 'Rueckerstattung', 866.75, '1998-05-22');
INSERT INTO ueberweisung (von_pers_nr, von_kto_nr, an_pers_nr, an_kto_nr, verwendungszweck, betrag, datum) VALUES (10061, 31050058, 10061, 31050111, 'Schweigegeld', 674.95001, '1999-11-25');
INSERT INTO ueberweisung (von_pers_nr, von_kto_nr, an_pers_nr, an_kto_nr, verwendungszweck, betrag, datum) VALUES (10032, 31050042, 10019, 31050041, 'Gas', 828.69, '1997-06-16');
INSERT INTO ueberweisung (von_pers_nr, von_kto_nr, an_pers_nr, an_kto_nr, verwendungszweck, betrag, datum) VALUES (10087, 31050102, 10045, 31050065, 'Wasser', 513.66998, '1999-07-14');
INSERT INTO ueberweisung (von_pers_nr, von_kto_nr, an_pers_nr, an_kto_nr, verwendungszweck, betrag, datum) VALUES (10088, 31050044, 10082, 31050063, 'Gebuehr', 194.98, '1998-10-05');
INSERT INTO ueberweisung (von_pers_nr, von_kto_nr, an_pers_nr, an_kto_nr, verwendungszweck, betrag, datum) VALUES (10031, 31050025, 10078, 31050033, 'Rueckerstattung', 918.06, '1997-05-10');
INSERT INTO ueberweisung (von_pers_nr, von_kto_nr, an_pers_nr, an_kto_nr, verwendungszweck, betrag, datum) VALUES (10037, 31050030, 10073, 31050049, 'Unterhalt', 301.67999, '1999-06-16');
INSERT INTO ueberweisung (von_pers_nr, von_kto_nr, an_pers_nr, an_kto_nr, verwendungszweck, betrag, datum) VALUES (10024, 31050067, 10042, 31050054, 'Gas', 220.52, '1997-12-06');
INSERT INTO ueberweisung (von_pers_nr, von_kto_nr, an_pers_nr, an_kto_nr, verwendungszweck, betrag, datum) VALUES (10029, 31050055, 10072, 31050095, 'Gebuehr', 196.42999, '1998-02-16');
INSERT INTO ueberweisung (von_pers_nr, von_kto_nr, an_pers_nr, an_kto_nr, verwendungszweck, betrag, datum) VALUES (10018, 31050094, 10054, 31050097, 'Strom', 445.84, '1997-10-28');
INSERT INTO ueberweisung (von_pers_nr, von_kto_nr, an_pers_nr, an_kto_nr, verwendungszweck, betrag, datum) VALUES (10067, 31050053, 10027, 31050024, 'Gebuehr', 638.65997, '1999-01-01');
INSERT INTO ueberweisung (von_pers_nr, von_kto_nr, an_pers_nr, an_kto_nr, verwendungszweck, betrag, datum) VALUES (10033, 31050037, 10028, 31050089, 'Rueckerstattung', 743.34003, '1999-02-05');
INSERT INTO ueberweisung (von_pers_nr, von_kto_nr, an_pers_nr, an_kto_nr, verwendungszweck, betrag, datum) VALUES (10010, 31050074, 10024, 31050073, 'Unterhalt', 841.40002, '1997-10-07');
INSERT INTO ueberweisung (von_pers_nr, von_kto_nr, an_pers_nr, an_kto_nr, verwendungszweck, betrag, datum) VALUES (10036, 31050045, 10027, 31050026, 'Verguetung', 859.63, '1999-03-25');
INSERT INTO ueberweisung (von_pers_nr, von_kto_nr, an_pers_nr, an_kto_nr, verwendungszweck, betrag, datum) VALUES (10061, 31050111, 10046, 31050117, 'Wasser', 637.03003, '1998-07-28');
INSERT INTO ueberweisung (von_pers_nr, von_kto_nr, an_pers_nr, an_kto_nr, verwendungszweck, betrag, datum) VALUES (10094, 31050069, 10074, 31050088, 'Schweigegeld', 850.16998, '1999-02-22');
INSERT INTO ueberweisung (von_pers_nr, von_kto_nr, an_pers_nr, an_kto_nr, verwendungszweck, betrag, datum) VALUES (10090, 31050022, 10073, 31050100, 'Schmiergeld', 272.10001, '1997-03-22');
INSERT INTO ueberweisung (von_pers_nr, von_kto_nr, an_pers_nr, an_kto_nr, verwendungszweck, betrag, datum) VALUES (10072, 31050095, 10044, 31050109, 'Schmiergeld', 473.76001, '1998-12-14');
INSERT INTO ueberweisung (von_pers_nr, von_kto_nr, an_pers_nr, an_kto_nr, verwendungszweck, betrag, datum) VALUES (10046, 31050061, 10010, 31050074, 'Strom', 167.7, '1999-08-21');
INSERT INTO ueberweisung (von_pers_nr, von_kto_nr, an_pers_nr, an_kto_nr, verwendungszweck, betrag, datum) VALUES (10019, 31050046, 10029, 31050064, 'Unterhalt', 906.60999, '1998-04-21');
INSERT INTO ueberweisung (von_pers_nr, von_kto_nr, an_pers_nr, an_kto_nr, verwendungszweck, betrag, datum) VALUES (10043, 31050083, 10035, 31050101, 'Rueckerstattung', 473.04001, '1998-05-02');
INSERT INTO ueberweisung (von_pers_nr, von_kto_nr, an_pers_nr, an_kto_nr, verwendungszweck, betrag, datum) VALUES (10068, 31050106, 10099, 31050104, 'Lohn', 685.85999, '1997-09-27');
INSERT INTO ueberweisung (von_pers_nr, von_kto_nr, an_pers_nr, an_kto_nr, verwendungszweck, betrag, datum) VALUES (10083, 31050039, 10043, 31050035, 'Vorschuss', 587.51001, '1999-06-15');
INSERT INTO ueberweisung (von_pers_nr, von_kto_nr, an_pers_nr, an_kto_nr, verwendungszweck, betrag, datum) VALUES (10016, 31050107, 10068, 31050106, 'Strom', 408.54999, '1997-01-30');
INSERT INTO ueberweisung (von_pers_nr, von_kto_nr, an_pers_nr, an_kto_nr, verwendungszweck, betrag, datum) VALUES (10054, 31050076, 10059, 31050093, 'Gas', 492.17999, '1997-04-23');
INSERT INTO ueberweisung (von_pers_nr, von_kto_nr, an_pers_nr, an_kto_nr, verwendungszweck, betrag, datum) VALUES (10008, 31050056, 10027, 31050024, 'Lohn', 579.60999, '1999-09-09');
INSERT INTO ueberweisung (von_pers_nr, von_kto_nr, an_pers_nr, an_kto_nr, verwendungszweck, betrag, datum) VALUES (10054, 31050097, 10078, 31050033, 'Unterhalt', 367.88, '1997-11-22');
INSERT INTO ueberweisung (von_pers_nr, von_kto_nr, an_pers_nr, an_kto_nr, verwendungszweck, betrag, datum) VALUES (10073, 31050092, 10018, 31050066, 'Gebuehr', 320.57001, '1997-05-01');
INSERT INTO ueberweisung (von_pers_nr, von_kto_nr, an_pers_nr, an_kto_nr, verwendungszweck, betrag, datum) VALUES (10045, 31050065, 10090, 31050022, 'Schweigegeld', 730.64001, '1997-08-11');
INSERT INTO ueberweisung (von_pers_nr, von_kto_nr, an_pers_nr, an_kto_nr, verwendungszweck, betrag, datum) VALUES (10024, 31050073, 10005, 31050075, 'Miete', 799.53003, '1997-11-28');
INSERT INTO ueberweisung (von_pers_nr, von_kto_nr, an_pers_nr, an_kto_nr, verwendungszweck, betrag, datum) VALUES (10094, 31050062, 10073, 31050049, 'Verguetung', 96.949997, '1999-10-18');
INSERT INTO ueberweisung (von_pers_nr, von_kto_nr, an_pers_nr, an_kto_nr, verwendungszweck, betrag, datum) VALUES (10073, 31050100, 10027, 31050052, 'Strom', 383.12, '1999-05-31');
INSERT INTO ueberweisung (von_pers_nr, von_kto_nr, an_pers_nr, an_kto_nr, verwendungszweck, betrag, datum) VALUES (10088, 31050044, 10037, 31050116, 'Vorschuss', 403.57999, '1997-06-30');
INSERT INTO ueberweisung (von_pers_nr, von_kto_nr, an_pers_nr, an_kto_nr, verwendungszweck, betrag, datum) VALUES (10012, 31050034, 10059, 31050093, 'Wasser', 465.39999, '1998-03-04');
INSERT INTO ueberweisung (von_pers_nr, von_kto_nr, an_pers_nr, an_kto_nr, verwendungszweck, betrag, datum) VALUES (10089, 31050120, 10037, 31050116, 'Verguetung', 937.70001, '1997-07-07');
INSERT INTO ueberweisung (von_pers_nr, von_kto_nr, an_pers_nr, an_kto_nr, verwendungszweck, betrag, datum) VALUES (10037, 31050030, 10085, 31050108, 'Lohn', 31.200001, '1998-05-11');
INSERT INTO ueberweisung (von_pers_nr, von_kto_nr, an_pers_nr, an_kto_nr, verwendungszweck, betrag, datum) VALUES (10085, 31050108, 10068, 31050087, 'Rechnung', 358.19, '1999-05-26');
INSERT INTO ueberweisung (von_pers_nr, von_kto_nr, an_pers_nr, an_kto_nr, verwendungszweck, betrag, datum) VALUES (10027, 31050026, 10039, 31050072, 'Vorschuss', 76.089996, '1999-09-02');
INSERT INTO ueberweisung (von_pers_nr, von_kto_nr, an_pers_nr, an_kto_nr, verwendungszweck, betrag, datum) VALUES (10024, 31050073, 10053, 31050060, 'Gas', 744.57001, '1999-03-01');
INSERT INTO ueberweisung (von_pers_nr, von_kto_nr, an_pers_nr, an_kto_nr, verwendungszweck, betrag, datum) VALUES (10088, 31050044, 10028, 31050089, 'Rueckerstattung', 251.92999, '1997-10-14');
INSERT INTO ueberweisung (von_pers_nr, von_kto_nr, an_pers_nr, an_kto_nr, verwendungszweck, betrag, datum) VALUES (10045, 31050065, 10064, 31050080, 'Verguetung', 530.81, '1998-12-17');
INSERT INTO ueberweisung (von_pers_nr, von_kto_nr, an_pers_nr, an_kto_nr, verwendungszweck, betrag, datum) VALUES (10068, 31050087, 10074, 31050088, 'Schmiergeld', 212.02, '1997-07-24');
INSERT INTO ueberweisung (von_pers_nr, von_kto_nr, an_pers_nr, an_kto_nr, verwendungszweck, betrag, datum) VALUES (10043, 31050035, 10040, 31050096, 'Lohn', 851.09998, '1999-11-05');
INSERT INTO ueberweisung (von_pers_nr, von_kto_nr, an_pers_nr, an_kto_nr, verwendungszweck, betrag, datum) VALUES (10042, 31050081, 10072, 31050095, 'Unterhalt', 328.70999, '1999-02-24');
INSERT INTO ueberweisung (von_pers_nr, von_kto_nr, an_pers_nr, an_kto_nr, verwendungszweck, betrag, datum) VALUES (10063, 31050029, 10046, 31050117, 'Vorschuss', 771.72998, '1999-07-07');
INSERT INTO ueberweisung (von_pers_nr, von_kto_nr, an_pers_nr, an_kto_nr, verwendungszweck, betrag, datum) VALUES (10029, 31050055, 10067, 31050053, 'Lohn', 729.53998, '1998-08-07');
INSERT INTO ueberweisung (von_pers_nr, von_kto_nr, an_pers_nr, an_kto_nr, verwendungszweck, betrag, datum) VALUES (10070, 31050038, 10081, 31050077, 'Gebuehr', 423.01001, '1998-06-09');
INSERT INTO ueberweisung (von_pers_nr, von_kto_nr, an_pers_nr, an_kto_nr, verwendungszweck, betrag, datum) VALUES (10049, 31050021, 10042, 31050054, 'Gebuehr', 814.35999, '1998-10-03');
INSERT INTO ueberweisung (von_pers_nr, von_kto_nr, an_pers_nr, an_kto_nr, verwendungszweck, betrag, datum) VALUES (10024, 31050067, 10084, 31050098, 'Lohn', 915.94, '1997-12-09');
INSERT INTO ueberweisung (von_pers_nr, von_kto_nr, an_pers_nr, an_kto_nr, verwendungszweck, betrag, datum) VALUES (10027, 31050026, 10074, 31050088, 'Wasser', 373.88, '1998-02-01');
INSERT INTO ueberweisung (von_pers_nr, von_kto_nr, an_pers_nr, an_kto_nr, verwendungszweck, betrag, datum) VALUES (10087, 31050102, 10083, 31050039, 'Vorschuss', 417.54001, '1997-03-17');
INSERT INTO ueberweisung (von_pers_nr, von_kto_nr, an_pers_nr, an_kto_nr, verwendungszweck, betrag, datum) VALUES (10039, 31050072, 10010, 31050074, 'Schweigegeld', 943.90997, '1998-10-28');
INSERT INTO ueberweisung (von_pers_nr, von_kto_nr, an_pers_nr, an_kto_nr, verwendungszweck, betrag, datum) VALUES (10027, 31050026, 10019, 31050036, 'Rueckerstattung', 475.67999, '1999-09-30');
INSERT INTO ueberweisung (von_pers_nr, von_kto_nr, an_pers_nr, an_kto_nr, verwendungszweck, betrag, datum) VALUES (10053, 31050043, 10047, 31050023, 'Gebuehr', 513.78003, '1997-10-10');
INSERT INTO ueberweisung (von_pers_nr, von_kto_nr, an_pers_nr, an_kto_nr, verwendungszweck, betrag, datum) VALUES (10094, 31050069, 10027, 31050024, 'Miete', 405.88, '1999-01-10');
INSERT INTO ueberweisung (von_pers_nr, von_kto_nr, an_pers_nr, an_kto_nr, verwendungszweck, betrag, datum) VALUES (10008, 31050056, 10037, 31050116, 'Unterhalt', 613.26001, '1997-08-09');
INSERT INTO ueberweisung (von_pers_nr, von_kto_nr, an_pers_nr, an_kto_nr, verwendungszweck, betrag, datum) VALUES (10037, 31050030, 10038, 31050082, 'Gas', 318.03, '1999-08-09');
INSERT INTO ueberweisung (von_pers_nr, von_kto_nr, an_pers_nr, an_kto_nr, verwendungszweck, betrag, datum) VALUES (10037, 31050116, 10072, 31050095, 'Verguetung', 766.54999, '1999-11-01');
INSERT INTO ueberweisung (von_pers_nr, von_kto_nr, an_pers_nr, an_kto_nr, verwendungszweck, betrag, datum) VALUES (10029, 31050055, 10070, 31050105, 'Gas', 330.92999, '1999-05-01');
INSERT INTO ueberweisung (von_pers_nr, von_kto_nr, an_pers_nr, an_kto_nr, verwendungszweck, betrag, datum) VALUES (10078, 31050033, 10040, 31050103, 'Miete', 900.04999, '1999-11-19');
INSERT INTO ueberweisung (von_pers_nr, von_kto_nr, an_pers_nr, an_kto_nr, verwendungszweck, betrag, datum) VALUES (10070, 31050038, 10019, 31050036, 'Rueckerstattung', 238.56, '1997-10-02');
INSERT INTO ueberweisung (von_pers_nr, von_kto_nr, an_pers_nr, an_kto_nr, verwendungszweck, betrag, datum) VALUES (10074, 31050088, 10024, 31050067, 'Wasser', 707.95001, '1997-02-27');
INSERT INTO ueberweisung (von_pers_nr, von_kto_nr, an_pers_nr, an_kto_nr, verwendungszweck, betrag, datum) VALUES (10073, 31050092, 10090, 31050022, 'Schweigegeld', 86.120003, '1999-05-17');
INSERT INTO ueberweisung (von_pers_nr, von_kto_nr, an_pers_nr, an_kto_nr, verwendungszweck, betrag, datum) VALUES (10064, 31050080, 10029, 31050085, 'Miete', 216.50999, '1997-01-14');
INSERT INTO ueberweisung (von_pers_nr, von_kto_nr, an_pers_nr, an_kto_nr, verwendungszweck, betrag, datum) VALUES (10014, 31050070, 10067, 31050053, 'Gas', 402.12, '1997-10-02');
INSERT INTO ueberweisung (von_pers_nr, von_kto_nr, an_pers_nr, an_kto_nr, verwendungszweck, betrag, datum) VALUES (10063, 31050029, 10005, 31050032, 'Unterhalt', 733.98999, '1999-07-23');
INSERT INTO ueberweisung (von_pers_nr, von_kto_nr, an_pers_nr, an_kto_nr, verwendungszweck, betrag, datum) VALUES (10059, 31050110, 10018, 31050094, 'Lohn', 479.54999, '1998-02-01');
INSERT INTO ueberweisung (von_pers_nr, von_kto_nr, an_pers_nr, an_kto_nr, verwendungszweck, betrag, datum) VALUES (10019, 31050036, 10070, 31050105, 'Vorschuss', 626.12, '1998-10-05');
INSERT INTO ueberweisung (von_pers_nr, von_kto_nr, an_pers_nr, an_kto_nr, verwendungszweck, betrag, datum) VALUES (10073, 31050100, 10065, 31050091, 'Schmiergeld', 540.34998, '1999-08-29');
INSERT INTO ueberweisung (von_pers_nr, von_kto_nr, an_pers_nr, an_kto_nr, verwendungszweck, betrag, datum) VALUES (10089, 31050120, 10091, 31050115, 'Wasser', 629.40002, '1999-11-14');
INSERT INTO ueberweisung (von_pers_nr, von_kto_nr, an_pers_nr, an_kto_nr, verwendungszweck, betrag, datum) VALUES (10044, 31050109, 10010, 31050028, 'Unterhalt', 513.37, '1997-02-07');
INSERT INTO ueberweisung (von_pers_nr, von_kto_nr, an_pers_nr, an_kto_nr, verwendungszweck, betrag, datum) VALUES (10081, 31050077, 10087, 31050102, 'Vorschuss', 710.48999, '1998-06-29');
INSERT INTO ueberweisung (von_pers_nr, von_kto_nr, an_pers_nr, an_kto_nr, verwendungszweck, betrag, datum) VALUES (10099, 31050104, 10027, 31050024, 'Gebuehr', 674.71002, '1997-04-26');
INSERT INTO ueberweisung (von_pers_nr, von_kto_nr, an_pers_nr, an_kto_nr, verwendungszweck, betrag, datum) VALUES (10044, 31050109, 10087, 31050102, 'Strom', 658.67999, '1998-09-18');
INSERT INTO ueberweisung (von_pers_nr, von_kto_nr, an_pers_nr, an_kto_nr, verwendungszweck, betrag, datum) VALUES (10081, 31050077, 10018, 31050066, 'Strom', 775.27002, '1997-01-06');
INSERT INTO ueberweisung (von_pers_nr, von_kto_nr, an_pers_nr, an_kto_nr, verwendungszweck, betrag, datum) VALUES (10065, 31050091, 10012, 31050047, 'Unterhalt', 183.16, '1997-03-12');
INSERT INTO ueberweisung (von_pers_nr, von_kto_nr, an_pers_nr, an_kto_nr, verwendungszweck, betrag, datum) VALUES (10014, 31050070, 10081, 31050077, 'Gas', 64.480003, '1999-06-21');
INSERT INTO ueberweisung (von_pers_nr, von_kto_nr, an_pers_nr, an_kto_nr, verwendungszweck, betrag, datum) VALUES (10089, 31050120, 10088, 31050044, 'Schmiergeld', 334, '1997-05-31');
INSERT INTO ueberweisung (von_pers_nr, von_kto_nr, an_pers_nr, an_kto_nr, verwendungszweck, betrag, datum) VALUES (10074, 31050088, 10042, 31050050, 'Unterhalt', 142.41, '1998-06-18');
INSERT INTO ueberweisung (von_pers_nr, von_kto_nr, an_pers_nr, an_kto_nr, verwendungszweck, betrag, datum) VALUES (10094, 31050069, 10008, 31050056, 'Schmiergeld', 842.20001, '1997-09-04');
INSERT INTO ueberweisung (von_pers_nr, von_kto_nr, an_pers_nr, an_kto_nr, verwendungszweck, betrag, datum) VALUES (10012, 31050034, 10032, 31050042, 'Strom', 695.14001, '1999-05-17');
INSERT INTO ueberweisung (von_pers_nr, von_kto_nr, an_pers_nr, an_kto_nr, verwendungszweck, betrag, datum) VALUES (10043, 31050035, 10040, 31050103, 'Schmiergeld', 681.42999, '1997-02-02');
INSERT INTO ueberweisung (von_pers_nr, von_kto_nr, an_pers_nr, an_kto_nr, verwendungszweck, betrag, datum) VALUES (10059, 31050093, 10087, 31050102, 'Gas', 890.25, '1997-05-12');
INSERT INTO ueberweisung (von_pers_nr, von_kto_nr, an_pers_nr, an_kto_nr, verwendungszweck, betrag, datum) VALUES (10031, 31050057, 10019, 31050036, 'Wasser', 944.98999, '1998-12-22');
INSERT INTO ueberweisung (von_pers_nr, von_kto_nr, an_pers_nr, an_kto_nr, verwendungszweck, betrag, datum) VALUES (10061, 31050111, 10054, 31050097, 'Gas', 918.77002, '1997-06-26');
INSERT INTO ueberweisung (von_pers_nr, von_kto_nr, an_pers_nr, an_kto_nr, verwendungszweck, betrag, datum) VALUES (10024, 31050073, 10040, 31050103, 'Unterhalt', 641.64001, '1999-07-10');
INSERT INTO ueberweisung (von_pers_nr, von_kto_nr, an_pers_nr, an_kto_nr, verwendungszweck, betrag, datum) VALUES (10055, 31050040, 10029, 31050055, 'Verguetung', 357.25, '1999-05-21');
INSERT INTO ueberweisung (von_pers_nr, von_kto_nr, an_pers_nr, an_kto_nr, verwendungszweck, betrag, datum) VALUES (10031, 31050057, 10073, 31050100, 'Schweigegeld', 449.51001, '1998-08-05');
INSERT INTO ueberweisung (von_pers_nr, von_kto_nr, an_pers_nr, an_kto_nr, verwendungszweck, betrag, datum) VALUES (10019, 31050046, 10061, 31050111, 'Gas', 279.19, '1997-05-28');
INSERT INTO ueberweisung (von_pers_nr, von_kto_nr, an_pers_nr, an_kto_nr, verwendungszweck, betrag, datum) VALUES (10051, 31050031, 10082, 31050063, 'Vorschuss', 897.52002, '1998-10-22');
INSERT INTO ueberweisung (von_pers_nr, von_kto_nr, an_pers_nr, an_kto_nr, verwendungszweck, betrag, datum) VALUES (10010, 31050074, 10094, 31050069, 'Unterhalt', 411.20001, '1997-10-26');
INSERT INTO ueberweisung (von_pers_nr, von_kto_nr, an_pers_nr, an_kto_nr, verwendungszweck, betrag, datum) VALUES (10046, 31050117, 10058, 31050071, 'Unterhalt', 348.47, '1997-05-21');
INSERT INTO ueberweisung (von_pers_nr, von_kto_nr, an_pers_nr, an_kto_nr, verwendungszweck, betrag, datum) VALUES (10029, 31050064, 10042, 31050050, 'Rechnung', 750.56, '1997-05-30');
INSERT INTO ueberweisung (von_pers_nr, von_kto_nr, an_pers_nr, an_kto_nr, verwendungszweck, betrag, datum) VALUES (10080, 31050084, 10080, 31050084, 'Wasser', 384.20999, '1997-02-11');
INSERT INTO ueberweisung (von_pers_nr, von_kto_nr, an_pers_nr, an_kto_nr, verwendungszweck, betrag, datum) VALUES (10038, 31050082, 10030, 31050079, 'Lohn', 805.02002, '1997-01-09');
INSERT INTO ueberweisung (von_pers_nr, von_kto_nr, an_pers_nr, an_kto_nr, verwendungszweck, betrag, datum) VALUES (10033, 31050037, 10087, 31050102, 'Schmiergeld', 201.28, '1998-08-28');
INSERT INTO ueberweisung (von_pers_nr, von_kto_nr, an_pers_nr, an_kto_nr, verwendungszweck, betrag, datum) VALUES (10092, 31050027, 10045, 31050065, 'Miete', 64.690002, '1998-10-26');
INSERT INTO ueberweisung (von_pers_nr, von_kto_nr, an_pers_nr, an_kto_nr, verwendungszweck, betrag, datum) VALUES (10043, 31050035, 10049, 31050021, 'Gas', 962.33002, '1997-04-13');
INSERT INTO ueberweisung (von_pers_nr, von_kto_nr, an_pers_nr, an_kto_nr, verwendungszweck, betrag, datum) VALUES (10027, 31050024, 10059, 31050093, 'Strom', 686.52002, '1997-02-21');
INSERT INTO ueberweisung (von_pers_nr, von_kto_nr, an_pers_nr, an_kto_nr, verwendungszweck, betrag, datum) VALUES (10026, 31050068, 10042, 31050081, 'Schmiergeld', 576.21997, '1998-12-31');
INSERT INTO ueberweisung (von_pers_nr, von_kto_nr, an_pers_nr, an_kto_nr, verwendungszweck, betrag, datum) VALUES (10039, 31050072, 10010, 31050074, 'Wasser', 993.56, '1998-04-21');
INSERT INTO ueberweisung (von_pers_nr, von_kto_nr, an_pers_nr, an_kto_nr, verwendungszweck, betrag, datum) VALUES (10024, 31050073, 10073, 31050049, 'Miete', 264.14001, '1999-03-31');
INSERT INTO ueberweisung (von_pers_nr, von_kto_nr, an_pers_nr, an_kto_nr, verwendungszweck, betrag, datum) VALUES (10024, 31050067, 10016, 31050051, 'Vorschuss', 891.65997, '1999-04-09');
INSERT INTO ueberweisung (von_pers_nr, von_kto_nr, an_pers_nr, an_kto_nr, verwendungszweck, betrag, datum) VALUES (10036, 31050045, 10046, 31050117, 'Wasser', 710.10999, '1997-09-26');
INSERT INTO ueberweisung (von_pers_nr, von_kto_nr, an_pers_nr, an_kto_nr, verwendungszweck, betrag, datum) VALUES (10054, 31050097, 10016, 31050107, 'Verguetung', 466.54001, '1999-11-23');
INSERT INTO ueberweisung (von_pers_nr, von_kto_nr, an_pers_nr, an_kto_nr, verwendungszweck, betrag, datum) VALUES (10054, 31050076, 10010, 31050074, 'Lohn', 822.87, '1999-03-21');
INSERT INTO ueberweisung (von_pers_nr, von_kto_nr, an_pers_nr, an_kto_nr, verwendungszweck, betrag, datum) VALUES (10074, 31050088, 10024, 31050067, 'Gas', 589.59003, '1998-08-23');
INSERT INTO ueberweisung (von_pers_nr, von_kto_nr, an_pers_nr, an_kto_nr, verwendungszweck, betrag, datum) VALUES (10072, 31050095, 10061, 31050058, 'Verguetung', 586.69, '1997-09-11');
INSERT INTO ueberweisung (von_pers_nr, von_kto_nr, an_pers_nr, an_kto_nr, verwendungszweck, betrag, datum) VALUES (10067, 31050053, 10092, 31050027, 'Schweigegeld', 995.45001, '1997-11-02');
INSERT INTO ueberweisung (von_pers_nr, von_kto_nr, an_pers_nr, an_kto_nr, verwendungszweck, betrag, datum) VALUES (10029, 31050064, 10029, 31050064, 'Schweigegeld', 244.74001, '1999-09-18');
INSERT INTO ueberweisung (von_pers_nr, von_kto_nr, an_pers_nr, an_kto_nr, verwendungszweck, betrag, datum) VALUES (10042, 31050054, 10043, 31050083, 'Miete', 307.09, '1999-01-18');
INSERT INTO ueberweisung (von_pers_nr, von_kto_nr, an_pers_nr, an_kto_nr, verwendungszweck, betrag, datum) VALUES (10031, 31050057, 10053, 31050114, 'Gebuehr', 260.66, '1997-06-18');
INSERT INTO ueberweisung (von_pers_nr, von_kto_nr, an_pers_nr, an_kto_nr, verwendungszweck, betrag, datum) VALUES (10016, 31050051, 10065, 31050112, 'Rechnung', 472.17999, '1999-10-04');
INSERT INTO ueberweisung (von_pers_nr, von_kto_nr, an_pers_nr, an_kto_nr, verwendungszweck, betrag, datum) VALUES (10073, 31050049, 10026, 31050068, 'Verguetung', 370.95999, '1997-03-13');
INSERT INTO ueberweisung (von_pers_nr, von_kto_nr, an_pers_nr, an_kto_nr, verwendungszweck, betrag, datum) VALUES (10005, 31050075, 10094, 31050062, 'Rechnung', 151.94, '1998-11-17');
INSERT INTO ueberweisung (von_pers_nr, von_kto_nr, an_pers_nr, an_kto_nr, verwendungszweck, betrag, datum) VALUES (10081, 31050077, 10027, 31050024, 'Rueckerstattung', 802.40997, '1999-09-04');
INSERT INTO ueberweisung (von_pers_nr, von_kto_nr, an_pers_nr, an_kto_nr, verwendungszweck, betrag, datum) VALUES (10037, 31050030, 10043, 31050083, 'Gebuehr', 497.97, '1999-07-27');
INSERT INTO ueberweisung (von_pers_nr, von_kto_nr, an_pers_nr, an_kto_nr, verwendungszweck, betrag, datum) VALUES (10066, 31050090, 10067, 31050048, 'Rechnung', 187.03, '1998-02-16');
INSERT INTO ueberweisung (von_pers_nr, von_kto_nr, an_pers_nr, an_kto_nr, verwendungszweck, betrag, datum) VALUES (10016, 31050107, 10037, 31050030, 'Gebuehr', 230.61, '1999-11-14');
INSERT INTO ueberweisung (von_pers_nr, von_kto_nr, an_pers_nr, an_kto_nr, verwendungszweck, betrag, datum) VALUES (10085, 31050108, 10053, 31050043, 'Rechnung', 405.78, '1998-09-20');
INSERT INTO ueberweisung (von_pers_nr, von_kto_nr, an_pers_nr, an_kto_nr, verwendungszweck, betrag, datum) VALUES (10010, 31050074, 10078, 31050033, 'Rechnung', 997.28998, '1998-05-21');
INSERT INTO ueberweisung (von_pers_nr, von_kto_nr, an_pers_nr, an_kto_nr, verwendungszweck, betrag, datum) VALUES (10005, 31050075, 10045, 31050065, 'Schweigegeld', 30.280001, '1999-02-25');
INSERT INTO ueberweisung (von_pers_nr, von_kto_nr, an_pers_nr, an_kto_nr, verwendungszweck, betrag, datum) VALUES (10053, 31050114, 10072, 31050095, 'Rueckerstattung', 323.79999, '1999-07-20');
INSERT INTO ueberweisung (von_pers_nr, von_kto_nr, an_pers_nr, an_kto_nr, verwendungszweck, betrag, datum) VALUES (10088, 31050044, 10083, 31050039, 'Vorschuss', 237.28999, '1999-09-10');
INSERT INTO ueberweisung (von_pers_nr, von_kto_nr, an_pers_nr, an_kto_nr, verwendungszweck, betrag, datum) VALUES (10043, 31050083, 10040, 31050103, 'Vorschuss', 863.64001, '1998-07-28');
INSERT INTO ueberweisung (von_pers_nr, von_kto_nr, an_pers_nr, an_kto_nr, verwendungszweck, betrag, datum) VALUES (10073, 31050049, 10044, 31050109, 'Strom', 324.20001, '1998-01-05');
INSERT INTO ueberweisung (von_pers_nr, von_kto_nr, an_pers_nr, an_kto_nr, verwendungszweck, betrag, datum) VALUES (10042, 31050050, 10068, 31050087, 'Miete', 398.67001, '1997-09-27');
INSERT INTO ueberweisung (von_pers_nr, von_kto_nr, an_pers_nr, an_kto_nr, verwendungszweck, betrag, datum) VALUES (10094, 31050069, 10019, 31050041, 'Verguetung', 51.029999, '1998-03-27');
INSERT INTO ueberweisung (von_pers_nr, von_kto_nr, an_pers_nr, an_kto_nr, verwendungszweck, betrag, datum) VALUES (10068, 31050106, 10024, 31050073, 'Schmiergeld', 835.57001, '1999-08-02');
INSERT INTO ueberweisung (von_pers_nr, von_kto_nr, an_pers_nr, an_kto_nr, verwendungszweck, betrag, datum) VALUES (10042, 31050050, 10065, 31050112, 'Gebuehr', 802.17999, '1999-04-02');
INSERT INTO ueberweisung (von_pers_nr, von_kto_nr, an_pers_nr, an_kto_nr, verwendungszweck, betrag, datum) VALUES (10039, 31050072, 10040, 31050103, 'Miete', 125.6, '1998-07-19');
INSERT INTO ueberweisung (von_pers_nr, von_kto_nr, an_pers_nr, an_kto_nr, verwendungszweck, betrag, datum) VALUES (10096, 31050099, 10046, 31050061, 'Lohn', 927.94, '1998-06-12');
INSERT INTO ueberweisung (von_pers_nr, von_kto_nr, an_pers_nr, an_kto_nr, verwendungszweck, betrag, datum) VALUES (10026, 31050068, 10061, 31050111, 'Schweigegeld', 336.42001, '1998-08-02');
INSERT INTO ueberweisung (von_pers_nr, von_kto_nr, an_pers_nr, an_kto_nr, verwendungszweck, betrag, datum) VALUES (10054, 31050097, 10024, 31050073, 'Wasser', 601.56, '1997-04-08');
INSERT INTO ueberweisung (von_pers_nr, von_kto_nr, an_pers_nr, an_kto_nr, verwendungszweck, betrag, datum) VALUES (10039, 31050072, 10031, 31050057, 'Gas', 146.02, '1998-08-11');
INSERT INTO ueberweisung (von_pers_nr, von_kto_nr, an_pers_nr, an_kto_nr, verwendungszweck, betrag, datum) VALUES (10066, 31050090, 10024, 31050073, 'Lohn', 275.35999, '1999-01-30');
INSERT INTO ueberweisung (von_pers_nr, von_kto_nr, an_pers_nr, an_kto_nr, verwendungszweck, betrag, datum) VALUES (10068, 31050087, 10019, 31050041, 'Strom', 945.59998, '1999-07-09');
INSERT INTO ueberweisung (von_pers_nr, von_kto_nr, an_pers_nr, an_kto_nr, verwendungszweck, betrag, datum) VALUES (10073, 31050049, 10042, 31050050, 'Rueckerstattung', 14.34, '1997-09-29');
INSERT INTO ueberweisung (von_pers_nr, von_kto_nr, an_pers_nr, an_kto_nr, verwendungszweck, betrag, datum) VALUES (10063, 31050029, 10036, 31050045, 'Strom', 603.44, '1998-08-21');
INSERT INTO ueberweisung (von_pers_nr, von_kto_nr, an_pers_nr, an_kto_nr, verwendungszweck, betrag, datum) VALUES (10073, 31050092, 10005, 31050032, 'Gebuehr', 782.06, '1998-04-25');
INSERT INTO ueberweisung (von_pers_nr, von_kto_nr, an_pers_nr, an_kto_nr, verwendungszweck, betrag, datum) VALUES (10029, 31050085, 10005, 31050075, 'Rueckerstattung', 686.62, '1998-01-29');
INSERT INTO ueberweisung (von_pers_nr, von_kto_nr, an_pers_nr, an_kto_nr, verwendungszweck, betrag, datum) VALUES (10012, 31050047, 10046, 31050061, 'Gebuehr', 69.050003, '1998-06-20');
INSERT INTO ueberweisung (von_pers_nr, von_kto_nr, an_pers_nr, an_kto_nr, verwendungszweck, betrag, datum) VALUES (10019, 31050036, 10094, 31050069, 'Unterhalt', 298.03, '1997-02-01');
INSERT INTO ueberweisung (von_pers_nr, von_kto_nr, an_pers_nr, an_kto_nr, verwendungszweck, betrag, datum) VALUES (10046, 31050118, 10073, 31050049, 'Verguetung', 572.39001, '1997-10-13');
INSERT INTO ueberweisung (von_pers_nr, von_kto_nr, an_pers_nr, an_kto_nr, verwendungszweck, betrag, datum) VALUES (10035, 31050101, 10092, 31050027, 'Rueckerstattung', 972.84003, '1998-12-12');
INSERT INTO ueberweisung (von_pers_nr, von_kto_nr, an_pers_nr, an_kto_nr, verwendungszweck, betrag, datum) VALUES (10019, 31050036, 10090, 31050022, 'Gebuehr', 712.53998, '1997-03-07');
INSERT INTO ueberweisung (von_pers_nr, von_kto_nr, an_pers_nr, an_kto_nr, verwendungszweck, betrag, datum) VALUES (10019, 31050036, 10053, 31050114, 'Schweigegeld', 573.02002, '1998-09-24');
INSERT INTO ueberweisung (von_pers_nr, von_kto_nr, an_pers_nr, an_kto_nr, verwendungszweck, betrag, datum) VALUES (10029, 31050055, 10070, 31050105, 'Lohn', 879.31, '1998-12-20');
INSERT INTO ueberweisung (von_pers_nr, von_kto_nr, an_pers_nr, an_kto_nr, verwendungszweck, betrag, datum) VALUES (10061, 31050111, 10019, 31050036, 'Vorschuss', 644.26001, '1999-04-28');
INSERT INTO ueberweisung (von_pers_nr, von_kto_nr, an_pers_nr, an_kto_nr, verwendungszweck, betrag, datum) VALUES (10005, 31050075, 10046, 31050118, 'Miete', 383.69, '1997-01-05');
INSERT INTO ueberweisung (von_pers_nr, von_kto_nr, an_pers_nr, an_kto_nr, verwendungszweck, betrag, datum) VALUES (10018, 31050094, 10054, 31050097, 'Gebuehr', 66.699997, '1997-03-22');
INSERT INTO ueberweisung (von_pers_nr, von_kto_nr, an_pers_nr, an_kto_nr, verwendungszweck, betrag, datum) VALUES (10094, 31050069, 10061, 31050111, 'Schmiergeld', 842.09998, '1998-04-28');
INSERT INTO ueberweisung (von_pers_nr, von_kto_nr, an_pers_nr, an_kto_nr, verwendungszweck, betrag, datum) VALUES (10027, 31050026, 10029, 31050055, 'Verguetung', 294.47, '1999-10-19');
INSERT INTO ueberweisung (von_pers_nr, von_kto_nr, an_pers_nr, an_kto_nr, verwendungszweck, betrag, datum) VALUES (10029, 31050055, 10052, 31050119, 'Schweigegeld', 297.92999, '1999-04-09');
INSERT INTO ueberweisung (von_pers_nr, von_kto_nr, an_pers_nr, an_kto_nr, verwendungszweck, betrag, datum) VALUES (10073, 31050092, 10045, 31050065, 'Rueckerstattung', 241.82001, '1998-08-19');
INSERT INTO ueberweisung (von_pers_nr, von_kto_nr, an_pers_nr, an_kto_nr, verwendungszweck, betrag, datum) VALUES (10040, 31050103, 10044, 31050109, 'Lohn', 636.15002, '1999-01-04');
INSERT INTO ueberweisung (von_pers_nr, von_kto_nr, an_pers_nr, an_kto_nr, verwendungszweck, betrag, datum) VALUES (10039, 31050072, 10051, 31050031, 'Rechnung', 998.78003, '1997-10-05');
INSERT INTO ueberweisung (von_pers_nr, von_kto_nr, an_pers_nr, an_kto_nr, verwendungszweck, betrag, datum) VALUES (10014, 31050070, 10051, 31050031, 'Schweigegeld', 271.20001, '1997-05-11');
INSERT INTO ueberweisung (von_pers_nr, von_kto_nr, an_pers_nr, an_kto_nr, verwendungszweck, betrag, datum) VALUES (10081, 31050077, 10040, 31050096, 'Gas', 765.06, '1997-07-02');
INSERT INTO ueberweisung (von_pers_nr, von_kto_nr, an_pers_nr, an_kto_nr, verwendungszweck, betrag, datum) VALUES (10014, 31050070, 10031, 31050057, 'Unterhalt', 647.34998, '1999-05-19');
INSERT INTO ueberweisung (von_pers_nr, von_kto_nr, an_pers_nr, an_kto_nr, verwendungszweck, betrag, datum) VALUES (10036, 31050045, 10008, 31050056, 'Lohn', 550.21997, '1997-03-18');
INSERT INTO ueberweisung (von_pers_nr, von_kto_nr, an_pers_nr, an_kto_nr, verwendungszweck, betrag, datum) VALUES (10016, 31050051, 10053, 31050114, 'Schweigegeld', 591.45001, '1997-10-12');
INSERT INTO ueberweisung (von_pers_nr, von_kto_nr, an_pers_nr, an_kto_nr, verwendungszweck, betrag, datum) VALUES (10092, 31050027, 10046, 31050117, 'Strom', 596.47998, '1998-08-30');
INSERT INTO ueberweisung (von_pers_nr, von_kto_nr, an_pers_nr, an_kto_nr, verwendungszweck, betrag, datum) VALUES (10013, 31050059, 10053, 31050060, 'Schweigegeld', 96.769997, '1998-03-14');
INSERT INTO ueberweisung (von_pers_nr, von_kto_nr, an_pers_nr, an_kto_nr, verwendungszweck, betrag, datum) VALUES (10087, 31050102, 10051, 31050031, 'Lohn', 27.190001, '1997-02-02');
INSERT INTO ueberweisung (von_pers_nr, von_kto_nr, an_pers_nr, an_kto_nr, verwendungszweck, betrag, datum) VALUES (10080, 31050084, 10085, 31050108, 'Rechnung', 799.91998, '1999-04-28');
INSERT INTO ueberweisung (von_pers_nr, von_kto_nr, an_pers_nr, an_kto_nr, verwendungszweck, betrag, datum) VALUES (10063, 31050029, 10027, 31050026, 'Miete', 865.09003, '1997-05-01');
INSERT INTO ueberweisung (von_pers_nr, von_kto_nr, an_pers_nr, an_kto_nr, verwendungszweck, betrag, datum) VALUES (10026, 31050068, 10065, 31050091, 'Unterhalt', 43.099998, '1997-11-02');
INSERT INTO ueberweisung (von_pers_nr, von_kto_nr, an_pers_nr, an_kto_nr, verwendungszweck, betrag, datum) VALUES (10027, 31050052, 10064, 31050080, 'Rechnung', 53.049999, '1998-08-07');
INSERT INTO ueberweisung (von_pers_nr, von_kto_nr, an_pers_nr, an_kto_nr, verwendungszweck, betrag, datum) VALUES (10067, 31050048, 10055, 31050040, 'Miete', 892.57001, '1998-05-24');
INSERT INTO ueberweisung (von_pers_nr, von_kto_nr, an_pers_nr, an_kto_nr, verwendungszweck, betrag, datum) VALUES (10029, 31050055, 10010, 31050074, 'Strom', 902.84998, '1999-05-10');
INSERT INTO ueberweisung (von_pers_nr, von_kto_nr, an_pers_nr, an_kto_nr, verwendungszweck, betrag, datum) VALUES (10051, 31050031, 10012, 31050034, 'Lohn', 676.28003, '1998-03-31');
INSERT INTO ueberweisung (von_pers_nr, von_kto_nr, an_pers_nr, an_kto_nr, verwendungszweck, betrag, datum) VALUES (10084, 31050078, 10040, 31050103, 'Gas', 147.50999, '1997-06-13');
INSERT INTO ueberweisung (von_pers_nr, von_kto_nr, an_pers_nr, an_kto_nr, verwendungszweck, betrag, datum) VALUES (10052, 31050119, 10047, 31050023, 'Strom', 784.78003, '1999-03-19');
INSERT INTO ueberweisung (von_pers_nr, von_kto_nr, an_pers_nr, an_kto_nr, verwendungszweck, betrag, datum) VALUES (10035, 31050101, 10073, 31050092, 'Vorschuss', 612.28003, '1998-05-30');
INSERT INTO ueberweisung (von_pers_nr, von_kto_nr, an_pers_nr, an_kto_nr, verwendungszweck, betrag, datum) VALUES (10042, 31050050, 10039, 31050072, 'Miete', 239.3, '1997-08-20');
INSERT INTO ueberweisung (von_pers_nr, von_kto_nr, an_pers_nr, an_kto_nr, verwendungszweck, betrag, datum) VALUES (10081, 31050077, 10029, 31050055, 'Rechnung', 379.19, '1997-07-15');
INSERT INTO ueberweisung (von_pers_nr, von_kto_nr, an_pers_nr, an_kto_nr, verwendungszweck, betrag, datum) VALUES (10088, 31050044, 10067, 31050053, 'Schweigegeld', 731.42999, '1997-09-06');
INSERT INTO ueberweisung (von_pers_nr, von_kto_nr, an_pers_nr, an_kto_nr, verwendungszweck, betrag, datum) VALUES (10042, 31050054, 10046, 31050118, 'Rechnung', 329.47, '1998-06-01');
INSERT INTO ueberweisung (von_pers_nr, von_kto_nr, an_pers_nr, an_kto_nr, verwendungszweck, betrag, datum) VALUES (10068, 31050087, 10054, 31050097, 'Schweigegeld', 881.09998, '1997-09-07');
INSERT INTO ueberweisung (von_pers_nr, von_kto_nr, an_pers_nr, an_kto_nr, verwendungszweck, betrag, datum) VALUES (10030, 31050079, 10078, 31050033, 'Vorschuss', 168.75, '1998-05-28');
INSERT INTO ueberweisung (von_pers_nr, von_kto_nr, an_pers_nr, an_kto_nr, verwendungszweck, betrag, datum) VALUES (10073, 31050100, 10064, 31050080, 'Verguetung', 26.209999, '1997-12-18');
INSERT INTO ueberweisung (von_pers_nr, von_kto_nr, an_pers_nr, an_kto_nr, verwendungszweck, betrag, datum) VALUES (10072, 31050095, 10051, 31050031, 'Verguetung', 375.70001, '1998-05-21');
INSERT INTO ueberweisung (von_pers_nr, von_kto_nr, an_pers_nr, an_kto_nr, verwendungszweck, betrag, datum) VALUES (10012, 31050034, 10055, 31050040, 'Unterhalt', 239.61, '1998-04-05');
INSERT INTO ueberweisung (von_pers_nr, von_kto_nr, an_pers_nr, an_kto_nr, verwendungszweck, betrag, datum) VALUES (10053, 31050060, 10070, 31050105, 'Schmiergeld', 938.58002, '1997-11-11');
INSERT INTO ueberweisung (von_pers_nr, von_kto_nr, an_pers_nr, an_kto_nr, verwendungszweck, betrag, datum) VALUES (10031, 31050057, 10073, 31050100, 'Gebuehr', 412.64001, '1997-06-10');
INSERT INTO ueberweisung (von_pers_nr, von_kto_nr, an_pers_nr, an_kto_nr, verwendungszweck, betrag, datum) VALUES (10019, 31050036, 10059, 31050093, 'Verguetung', 591.03003, '1999-08-25');
INSERT INTO ueberweisung (von_pers_nr, von_kto_nr, an_pers_nr, an_kto_nr, verwendungszweck, betrag, datum) VALUES (10008, 31050056, 10035, 31050101, 'Gas', 83.809998, '1997-04-01');
INSERT INTO ueberweisung (von_pers_nr, von_kto_nr, an_pers_nr, an_kto_nr, verwendungszweck, betrag, datum) VALUES (10082, 31050063, 10032, 31050042, 'Wasser', 324.42001, '1998-06-17');
INSERT INTO ueberweisung (von_pers_nr, von_kto_nr, an_pers_nr, an_kto_nr, verwendungszweck, betrag, datum) VALUES (10049, 31050021, 10012, 31050034, 'Unterhalt', 856.75, '1999-02-03');
INSERT INTO ueberweisung (von_pers_nr, von_kto_nr, an_pers_nr, an_kto_nr, verwendungszweck, betrag, datum) VALUES (10059, 31050110, 10072, 31050095, 'Unterhalt', 886.21997, '1999-09-15');
INSERT INTO ueberweisung (von_pers_nr, von_kto_nr, an_pers_nr, an_kto_nr, verwendungszweck, betrag, datum) VALUES (10067, 31050053, 10038, 31050082, 'Rueckerstattung', 279.42001, '1999-12-19');
INSERT INTO ueberweisung (von_pers_nr, von_kto_nr, an_pers_nr, an_kto_nr, verwendungszweck, betrag, datum) VALUES (10063, 31050029, 10063, 31050029, 'Vorschuss', 783.28003, '1998-09-11');
INSERT INTO ueberweisung (von_pers_nr, von_kto_nr, an_pers_nr, an_kto_nr, verwendungszweck, betrag, datum) VALUES (10010, 31050028, 10090, 31050022, 'Unterhalt', 543.77002, '1997-04-28');
INSERT INTO ueberweisung (von_pers_nr, von_kto_nr, an_pers_nr, an_kto_nr, verwendungszweck, betrag, datum) VALUES (10090, 31050022, 10028, 31050089, 'Rueckerstattung', 457.41, '1998-06-27');
INSERT INTO ueberweisung (von_pers_nr, von_kto_nr, an_pers_nr, an_kto_nr, verwendungszweck, betrag, datum) VALUES (10026, 31050086, 10065, 31050112, 'Gas', 846.53998, '1998-01-11');
INSERT INTO ueberweisung (von_pers_nr, von_kto_nr, an_pers_nr, an_kto_nr, verwendungszweck, betrag, datum) VALUES (10054, 31050097, 10014, 31050070, 'Gas', 441.37, '1997-05-27');
INSERT INTO ueberweisung (von_pers_nr, von_kto_nr, an_pers_nr, an_kto_nr, verwendungszweck, betrag, datum) VALUES (10047, 31050023, 10030, 31050079, 'Schweigegeld', 658.21002, '1999-08-31');
INSERT INTO ueberweisung (von_pers_nr, von_kto_nr, an_pers_nr, an_kto_nr, verwendungszweck, betrag, datum) VALUES (10031, 31050025, 10026, 31050068, 'Wasser', 457, '1997-09-17');
INSERT INTO ueberweisung (von_pers_nr, von_kto_nr, an_pers_nr, an_kto_nr, verwendungszweck, betrag, datum) VALUES (10064, 31050080, 10084, 31050078, 'Gebuehr', 906.23999, '1998-02-24');
INSERT INTO ueberweisung (von_pers_nr, von_kto_nr, an_pers_nr, an_kto_nr, verwendungszweck, betrag, datum) VALUES (10055, 31050040, 10030, 31050079, 'Verguetung', 912.88, '1998-10-26');
INSERT INTO ueberweisung (von_pers_nr, von_kto_nr, an_pers_nr, an_kto_nr, verwendungszweck, betrag, datum) VALUES (10008, 31050056, 10073, 31050100, 'Schweigegeld', 203.59, '1998-07-20');
INSERT INTO ueberweisung (von_pers_nr, von_kto_nr, an_pers_nr, an_kto_nr, verwendungszweck, betrag, datum) VALUES (10094, 31050069, 10051, 31050031, 'Vorschuss', 675.38, '1999-12-07');
INSERT INTO ueberweisung (von_pers_nr, von_kto_nr, an_pers_nr, an_kto_nr, verwendungszweck, betrag, datum) VALUES (10078, 31050033, 10030, 31050079, 'Wasser', 937.25, '1999-08-06');
INSERT INTO ueberweisung (von_pers_nr, von_kto_nr, an_pers_nr, an_kto_nr, verwendungszweck, betrag, datum) VALUES (10019, 31050036, 10016, 31050107, 'Gebuehr', 342.07001, '1999-08-15');
INSERT INTO ueberweisung (von_pers_nr, von_kto_nr, an_pers_nr, an_kto_nr, verwendungszweck, betrag, datum) VALUES (10040, 31050096, 10084, 31050098, 'Verguetung', 613.31, '1999-10-26');
INSERT INTO ueberweisung (von_pers_nr, von_kto_nr, an_pers_nr, an_kto_nr, verwendungszweck, betrag, datum) VALUES (10033, 31050037, 10036, 31050045, 'Gebuehr', 519.51001, '1999-10-26');
INSERT INTO ueberweisung (von_pers_nr, von_kto_nr, an_pers_nr, an_kto_nr, verwendungszweck, betrag, datum) VALUES (10052, 31050119, 10087, 31050102, 'Schmiergeld', 174.46001, '1997-08-20');
INSERT INTO ueberweisung (von_pers_nr, von_kto_nr, an_pers_nr, an_kto_nr, verwendungszweck, betrag, datum) VALUES (10027, 31050026, 10035, 31050101, 'Gebuehr', 913.78003, '1997-08-23');
INSERT INTO ueberweisung (von_pers_nr, von_kto_nr, an_pers_nr, an_kto_nr, verwendungszweck, betrag, datum) VALUES (10014, 31050070, 10091, 31050115, 'Schmiergeld', 993.72998, '1997-10-31');
INSERT INTO ueberweisung (von_pers_nr, von_kto_nr, an_pers_nr, an_kto_nr, verwendungszweck, betrag, datum) VALUES (10027, 31050024, 10030, 31050079, 'Gas', 304.48001, '1998-09-03');
INSERT INTO ueberweisung (von_pers_nr, von_kto_nr, an_pers_nr, an_kto_nr, verwendungszweck, betrag, datum) VALUES (10029, 31050055, 10012, 31050047, 'Schmiergeld', 958.54999, '1999-05-24');
INSERT INTO ueberweisung (von_pers_nr, von_kto_nr, an_pers_nr, an_kto_nr, verwendungszweck, betrag, datum) VALUES (10067, 31050053, 10019, 31050036, 'Unterhalt', 74.230003, '1999-07-23');
INSERT INTO ueberweisung (von_pers_nr, von_kto_nr, an_pers_nr, an_kto_nr, verwendungszweck, betrag, datum) VALUES (10040, 31050103, 10016, 31050107, 'Lohn', 168.86, '1997-03-10');
INSERT INTO ueberweisung (von_pers_nr, von_kto_nr, an_pers_nr, an_kto_nr, verwendungszweck, betrag, datum) VALUES (10013, 31050059, 10019, 31050036, 'Miete', 115.7, '1997-08-02');
INSERT INTO ueberweisung (von_pers_nr, von_kto_nr, an_pers_nr, an_kto_nr, verwendungszweck, betrag, datum) VALUES (10053, 31050060, 10012, 31050034, 'Wasser', 74.629997, '1997-02-22');
INSERT INTO ueberweisung (von_pers_nr, von_kto_nr, an_pers_nr, an_kto_nr, verwendungszweck, betrag, datum) VALUES (10005, 31050032, 10095, 31050113, 'Verguetung', 31.120001, '1998-12-04');
INSERT INTO ueberweisung (von_pers_nr, von_kto_nr, an_pers_nr, an_kto_nr, verwendungszweck, betrag, datum) VALUES (10053, 31050060, 10035, 31050101, 'Vorschuss', 341.85001, '1999-05-10');
INSERT INTO ueberweisung (von_pers_nr, von_kto_nr, an_pers_nr, an_kto_nr, verwendungszweck, betrag, datum) VALUES (10052, 31050119, 10065, 31050091, 'Gas', 285.98001, '1999-08-05');
INSERT INTO ueberweisung (von_pers_nr, von_kto_nr, an_pers_nr, an_kto_nr, verwendungszweck, betrag, datum) VALUES (10083, 31050039, 10012, 31050034, 'Strom', 636.77002, '1997-02-28');
INSERT INTO ueberweisung (von_pers_nr, von_kto_nr, an_pers_nr, an_kto_nr, verwendungszweck, betrag, datum) VALUES (10065, 31050091, 10039, 31050072, 'Miete', 258.09, '1998-10-25');
INSERT INTO ueberweisung (von_pers_nr, von_kto_nr, an_pers_nr, an_kto_nr, verwendungszweck, betrag, datum) VALUES (10046, 31050061, 10047, 31050023, 'Rechnung', 511.88, '1998-06-16');
INSERT INTO ueberweisung (von_pers_nr, von_kto_nr, an_pers_nr, an_kto_nr, verwendungszweck, betrag, datum) VALUES (10029, 31050064, 10012, 31050034, 'Rechnung', 171.55, '1999-02-16');
INSERT INTO ueberweisung (von_pers_nr, von_kto_nr, an_pers_nr, an_kto_nr, verwendungszweck, betrag, datum) VALUES (10029, 31050064, 10014, 31050070, 'Gebuehr', 354.42999, '1998-05-17');
INSERT INTO ueberweisung (von_pers_nr, von_kto_nr, an_pers_nr, an_kto_nr, verwendungszweck, betrag, datum) VALUES (10018, 31050066, 10054, 31050076, 'Rueckerstattung', 170.28, '1998-09-15');
INSERT INTO ueberweisung (von_pers_nr, von_kto_nr, an_pers_nr, an_kto_nr, verwendungszweck, betrag, datum) VALUES (10063, 31050029, 10046, 31050117, 'Strom', 96.529999, '1999-01-06');
INSERT INTO ueberweisung (von_pers_nr, von_kto_nr, an_pers_nr, an_kto_nr, verwendungszweck, betrag, datum) VALUES (10099, 31050104, 10046, 31050061, 'Strom', 623.75, '1997-11-04');
INSERT INTO ueberweisung (von_pers_nr, von_kto_nr, an_pers_nr, an_kto_nr, verwendungszweck, betrag, datum) VALUES (10019, 31050036, 10043, 31050083, 'Miete', 442.56, '1998-08-16');
INSERT INTO ueberweisung (von_pers_nr, von_kto_nr, an_pers_nr, an_kto_nr, verwendungszweck, betrag, datum) VALUES (10027, 31050024, 10016, 31050051, 'Lohn', 928.57001, '1999-11-14');
INSERT INTO ueberweisung (von_pers_nr, von_kto_nr, an_pers_nr, an_kto_nr, verwendungszweck, betrag, datum) VALUES (10031, 31050057, 10052, 31050119, 'Gas', 846.35999, '1999-06-14');
INSERT INTO ueberweisung (von_pers_nr, von_kto_nr, an_pers_nr, an_kto_nr, verwendungszweck, betrag, datum) VALUES (10074, 31050088, 10073, 31050092, 'Vorschuss', 940.20001, '1997-12-18');
INSERT INTO ueberweisung (von_pers_nr, von_kto_nr, an_pers_nr, an_kto_nr, verwendungszweck, betrag, datum) VALUES (10051, 31050031, 10099, 31050104, 'Rueckerstattung', 134.42, '1997-12-18');
INSERT INTO ueberweisung (von_pers_nr, von_kto_nr, an_pers_nr, an_kto_nr, verwendungszweck, betrag, datum) VALUES (10032, 31050042, 10055, 31050040, 'Rueckerstattung', 517.78998, '1997-04-09');
INSERT INTO ueberweisung (von_pers_nr, von_kto_nr, an_pers_nr, an_kto_nr, verwendungszweck, betrag, datum) VALUES (10028, 31050089, 10046, 31050061, 'Schmiergeld', 341.69, '1999-05-05');
INSERT INTO ueberweisung (von_pers_nr, von_kto_nr, an_pers_nr, an_kto_nr, verwendungszweck, betrag, datum) VALUES (10027, 31050026, 10030, 31050079, 'Gebuehr', 678.84003, '1998-03-13');
INSERT INTO ueberweisung (von_pers_nr, von_kto_nr, an_pers_nr, an_kto_nr, verwendungszweck, betrag, datum) VALUES (10052, 31050119, 10065, 31050091, 'Strom', 990.57001, '1999-10-04');
INSERT INTO ueberweisung (von_pers_nr, von_kto_nr, an_pers_nr, an_kto_nr, verwendungszweck, betrag, datum) VALUES (10053, 31050043, 10068, 31050106, 'Verguetung', 626.21997, '1997-10-11');
INSERT INTO ueberweisung (von_pers_nr, von_kto_nr, an_pers_nr, an_kto_nr, verwendungszweck, betrag, datum) VALUES (10040, 31050103, 10091, 31050115, 'Gas', 765.41998, '1999-12-28');
INSERT INTO ueberweisung (von_pers_nr, von_kto_nr, an_pers_nr, an_kto_nr, verwendungszweck, betrag, datum) VALUES (10018, 31050066, 10080, 31050084, 'Rechnung', 533.21997, '1997-07-30');
INSERT INTO ueberweisung (von_pers_nr, von_kto_nr, an_pers_nr, an_kto_nr, verwendungszweck, betrag, datum) VALUES (10047, 31050023, 10043, 31050035, 'Gebuehr', 637.14001, '1999-03-16');
INSERT INTO ueberweisung (von_pers_nr, von_kto_nr, an_pers_nr, an_kto_nr, verwendungszweck, betrag, datum) VALUES (10043, 31050035, 10031, 31050025, 'Rechnung', 160.13, '1998-08-23');
INSERT INTO ueberweisung (von_pers_nr, von_kto_nr, an_pers_nr, an_kto_nr, verwendungszweck, betrag, datum) VALUES (10090, 31050022, 10072, 31050095, 'Vorschuss', 373.20001, '1999-01-07');
INSERT INTO ueberweisung (von_pers_nr, von_kto_nr, an_pers_nr, an_kto_nr, verwendungszweck, betrag, datum) VALUES (10055, 31050040, 10010, 31050074, 'Miete', 645.23999, '1997-02-17');
INSERT INTO ueberweisung (von_pers_nr, von_kto_nr, an_pers_nr, an_kto_nr, verwendungszweck, betrag, datum) VALUES (10094, 31050069, 10018, 31050066, 'Miete', 587.25, '1998-02-09');
INSERT INTO ueberweisung (von_pers_nr, von_kto_nr, an_pers_nr, an_kto_nr, verwendungszweck, betrag, datum) VALUES (10052, 31050119, 10070, 31050038, 'Gebuehr', 218.62, '1999-05-21');
